onset	duration	nwb_table	target_on_time	go_cue_time	target_id	target_corners	target_dir	result
2.667	4.2330000000000005	trials	4.625933333333333	5.829933333333333	6.0	[-8.999977111816406, 0.9808881878852844, -6.999977111816406, -1.0191118717193604]	3.141592653589793	R
7.151	3.404	trials	8.338166666666666	9.463933333333333	4.0	[-8.999977111816406, 0.9808881878852844, -6.999977111816406, -1.0191118717193604]	-1.5707963267948966	R
10.806	0.718	trials				[NaN, NaN, NaN, NaN]		A
11.776	3.5459999999999994	trials	13.1982	13.868866666666667	3.0	[4.663607120513916, -4.650093078613281, 6.663607120513916, -6.650093078613281]	-0.7853981633974483	R
15.574	3.869999999999999	trials	17.314433333333334	18.811133333333334	5.0	[-6.645581245422363, -4.668104648590088, -4.645581245422363, -6.668104648590088]	-2.356194490192345	I
19.695	3.2250000000000014	trials	21.2121	21.810566666666666	2.0	[6.999997615814209, 1.0063706636428833, 8.99999713897705, -0.9936293959617615]	0.0	R
23.172	4.213000000000001	trials	24.7238	25.9288	6.0	[-8.999977111816406, 0.9808881878852844, -6.999977111816406, -1.0191118717193604]	3.141592653589793	R
27.637	3.8320000000000007	trials	28.853066666666667	30.264566666666667	7.0	[-6.672598838806152, 6.64106559753418, -4.672598838806152, 4.64106559753418]	2.356194490192345	R
31.72	4.2180000000000035	trials	33.688066666666664	34.8419	0.0	[-1.0, 9.0, 1.0, 7.0]	1.5707963267948966	R
36.189	3.2550000000000026	trials	37.67593333333333	38.356633333333335	3.0	[-1.0, 9.0, 1.0, 7.0]	-0.7853981633974483	R
39.696	4.058	trials	41.272866666666665	42.34453333333333	0.0	[-1.0, 9.0, 1.0, 7.0]	1.5707963267948966	R
44.006	2.299999999999997	trials	45.1174		4.0	[-0.987258791923523, -6.999989986419678, 1.012741208076477, -8.99998950958252]	-1.5707963267948966	A
46.558	3.6510000000000034	trials	48.4156	49.0983	5.0	[-6.645581245422363, -4.668104648590088, -4.645581245422363, -6.668104648590088]	-2.356194490192345	R
50.461	2.6499999999999986	trials	52.22303333333333		6.0	[-8.999977111816406, 0.9808881878852844, -6.999977111816406, -1.0191118717193604]	3.141592653589793	A
53.363	4.649999999999999	trials	56.057566666666666	57.4089	1.0	[4.654601573944092, 6.659106254577637, 6.654601573944092, 4.659106254577637]	0.7853981633974483	I
58.265	1.2650000000000006	trials	59.455		7.0	[-6.672598838806152, 6.64106559753418, -4.672598838806152, 4.64106559753418]	2.356194490192345	A
59.782	4.132000000000005	trials	61.05093333333333	62.5276	2.0	[6.999997615814209, 1.0063706636428833, 8.99999713897705, -0.9936293959617615]	0.0	I
64.166	0.5439999999999969	trials				[NaN, NaN, NaN, NaN]		A
64.962	3.242999999999995	trials	65.93706666666667	67.25633333333333	1.0	[4.654601573944092, 6.659106254577637, 6.654601573944092, 4.659106254577637]	0.7853981633974483	R
68.456	0.48099999999999454	trials				[NaN, NaN, NaN, NaN]		A
69.188	2.6069999999999993	trials	69.80766666666666	70.8673	6.0	[-8.999977111816406, 0.9808881878852844, -6.999977111816406, -1.0191118717193604]	3.141592653589793	R
72.046	3.36399999999999	trials	73.2402	74.39706666666666	4.0	[-0.987258791923523, -6.999989986419678, 1.012741208076477, -8.99998950958252]	-1.5707963267948966	R
75.661	3.5309999999999917	trials	77.6411	78.57543333333334	0.0	[-1.0, 9.0, 1.0, 7.0]	1.5707963267948966	I
79.444	0.44299999999999784	trials				[NaN, NaN, NaN, NaN]		A
80.138	2.411999999999992	trials	80.8561	81.8245	3.0	[4.663607120513916, -4.650093078613281, 6.663607120513916, -6.650093078613281]	-0.7853981633974483	I
82.802	0.5609999999999928	trials				[NaN, NaN, NaN, NaN]		A
83.615	2.575000000000003	trials	84.86003333333333	85.51663333333333	2.0	[6.999997615814209, 1.0063706636428833, 8.99999713897705, -0.9936293959617615]	0.0	I
86.442	3.4880000000000138	trials	88.1101	88.85893333333334	5.0	[-6.645581245422363, -4.668104648590088, -4.645581245422363, -6.668104648590088]	-2.356194490192345	R
90.181	3.7150000000000034	trials	91.9055	92.61626666666666	4.0	[-0.987258791923523, -6.999989986419678, 1.012741208076477, -8.99998950958252]	-1.5707963267948966	R
94.148	3.3689999999999998	trials	96.3415		1.0	[4.654601573944092, 6.659106254577637, 6.654601573944092, 4.659106254577637]	0.7853981633974483	A
97.769	0.2949999999999875	trials				[NaN, NaN, NaN, NaN]		A
98.315	0.2609999999999957	trials				[NaN, NaN, NaN, NaN]		A
98.828	2.9919999999999902	trials	99.83216666666667	100.76346666666667	6.0	[-8.999977111816406, 0.9808881878852844, -6.999977111816406, -1.0191118717193604]	3.141592653589793	R
102.072	2.546999999999997	trials	103.64563333333334		6.0	[-8.999977111816406, 0.9808881878852844, -6.999977111816406, -1.0191118717193604]	3.141592653589793	A
104.871	0.6950000000000074	trials				[NaN, NaN, NaN, NaN]		A
105.818	1.5100000000000051	trials	106.5789		5.0	[-6.645581245422363, -4.668104648590088, -4.645581245422363, -6.668104648590088]	-2.356194490192345	A
107.579	4.317000000000007	trials	109.93523333333333	110.79636666666667	4.0	[-0.987258791923523, -6.999989986419678, 1.012741208076477, -8.99998950958252]	-1.5707963267948966	R
112.148	3.3659999999999997	trials	113.49406666666667	114.1497	1.0	[4.654601573944092, 6.659106254577637, 6.654601573944092, 4.659106254577637]	0.7853981633974483	R
115.766	3.319999999999993	trials	116.7271	118.04736666666666	7.0	[-6.672598838806152, 6.64106559753418, -4.672598838806152, 4.64106559753418]	2.356194490192345	R
119.338	3.5470000000000113	trials	120.70196666666666	121.75256666666667	0.0	[-1.0, 9.0, 1.0, 7.0]	1.5707963267948966	R
123.137	3.7579999999999956	trials	124.7881	125.8357	3.0	[4.663607120513916, -4.650093078613281, 6.663607120513916, -6.650093078613281]	-0.7853981633974483	R
127.147	3.6729999999999876	trials	128.7028	129.85866666666666	3.0	[4.663607120513916, -4.650093078613281, 6.663607120513916, -6.650093078613281]	-0.7853981633974483	R
131.072	4.260999999999996	trials	133.08166666666668	134.24956666666668	5.0	[-6.645581245422363, -4.668104648590088, -4.645581245422363, -6.668104648590088]	-2.356194490192345	R
135.585	3.350999999999999	trials	136.73073333333335	137.6079	1.0	[4.654601573944092, 6.659106254577637, 6.654601573944092, 4.659106254577637]	0.7853981633974483	R
139.188	2.4550000000000125	trials	141.22786666666667		7.0	[-6.672598838806152, 6.64106559753418, -4.672598838806152, 4.64106559753418]	2.356194490192345	A
141.895	11.807999999999993	trials	151.9094	152.62116666666665	4.0	[-0.987258791923523, -6.999989986419678, 1.012741208076477, -8.99998950958252]	-1.5707963267948966	R
153.954	2.955999999999989	trials	155.67273333333333		0.0	[-1.0, 9.0, 1.0, 7.0]	1.5707963267948966	A
157.161	4.918000000000006	trials	159.92226666666667	161.40896666666666	2.0	[6.999997615814209, 1.0063706636428833, 8.99999713897705, -0.9936293959617615]	0.0	I
162.33	0.3649999999999807	trials				[NaN, NaN, NaN, NaN]		A
162.947	3.211999999999989	trials	164.1628	164.8986	1.0	[-8.999977111816406, 0.9808881878852844, -6.999977111816406, -1.0191118717193604]	0.7853981633974483	R
166.41	0.3669999999999902	trials				[NaN, NaN, NaN, NaN]		A
167.029	1.7129999999999939	trials	167.76973333333333		4.0	[-0.987258791923523, -6.999989986419678, 1.012741208076477, -8.99998950958252]	-1.5707963267948966	A
168.994	3.5349999999999966	trials	170.66893333333334	171.32356666666666	2.0	[6.999997615814209, 1.0063706636428833, 8.99999713897705, -0.9936293959617615]	0.0	R
172.78	3.407999999999987	trials	173.6734	174.99466666666666	6.0	[-8.999977111816406, 0.9808881878852844, -6.999977111816406, -1.0191118717193604]	3.141592653589793	R
176.439	3.450000000000017	trials	177.37256666666667	178.6808	7.0	[-6.672598838806152, 6.64106559753418, -4.672598838806152, 4.64106559753418]	2.356194490192345	R
180.14	3.6129999999999995	trials	181.5329	182.65166666666667	3.0	[4.663607120513916, -4.650093078613281, 6.663607120513916, -6.650093078613281]	-0.7853981633974483	R
184.005	3.8859999999999957	trials	185.8065	186.92626666666666	5.0	[-6.645581245422363, -4.668104648590088, -4.645581245422363, -6.668104648590088]	-2.356194490192345	R
188.142	4.239000000000004	trials	190.12923333333333	190.9713	3.0	[-6.645581245422363, -4.668104648590088, -4.645581245422363, -6.668104648590088]	-0.7853981633974483	R
192.632	3.7779999999999916	trials	194.24043333333333	195.18076666666667	1.0	[4.654601573944092, 6.659106254577637, 6.654601573944092, 4.659106254577637]	0.7853981633974483	R
196.661	3.4540000000000077	trials	197.67093333333332	198.909	4.0	[-0.987258791923523, -6.999989986419678, 1.012741208076477, -8.99998950958252]	-1.5707963267948966	R
200.367	2.545000000000016	trials	201.8523		5.0	[-6.645581245422363, -4.668104648590088, -4.645581245422363, -6.668104648590088]	-2.356194490192345	A
203.164	4.119	trials	205.16653333333332	206.05773333333335	2.0	[6.999997615814209, 1.0063706636428833, 8.99999713897705, -0.9936293959617615]	0.0	R
207.534	3.457000000000022	trials	208.53086666666667	209.60353333333333	6.0	[-8.999977111816406, 0.9808881878852844, -6.999977111816406, -1.0191118717193604]	3.141592653589793	R
211.243	3.700000000000017	trials	212.8145	213.72876666666667	0.0	[-1.0, 9.0, 1.0, 7.0]	1.5707963267948966	R
215.194	3.879000000000019	trials	216.82546666666667	217.93923333333333	7.0	[-6.672598838806152, 6.64106559753418, -4.672598838806152, 4.64106559753418]	2.356194490192345	R
219.325	3.3460000000000036	trials	221.50506666666666		6.0	[-6.672598838806152, 6.64106559753418, -4.672598838806152, 4.64106559753418]	3.141592653589793	A
222.923	4.060000000000002	trials	225.13506666666666	225.88493333333332	4.0	[-0.987258791923523, -6.999989986419678, 1.012741208076477, -8.99998950958252]	-1.5707963267948966	R
227.234	4.09699999999998	trials	228.42723333333333	229.91193333333334	2.0	[6.999997615814209, 1.0063706636428833, 8.99999713897705, -0.9936293959617615]	0.0	R
231.583	3.681999999999988	trials	233.34343333333334	234.0482	1.0	[4.654601573944092, 6.659106254577637, 6.654601573944092, 4.659106254577637]	0.7853981633974483	R
235.517	3.1970000000000027	trials	236.56743333333333	237.52783333333332	5.0	[-6.645581245422363, -4.668104648590088, -4.645581245422363, -6.668104648590088]	-2.356194490192345	R
238.965	3.454999999999984	trials	240.18643333333333	241.32423333333332	0.0	[-1.0, 9.0, 1.0, 7.0]	1.5707963267948966	R
242.672	2.796999999999997	trials	244.35476666666668		7.0	[-6.672598838806152, 6.64106559753418, -4.672598838806152, 4.64106559753418]	2.356194490192345	A
245.72	4.503000000000014	trials	247.72913333333332	249.21683333333334	3.0	[4.663607120513916, -4.650093078613281, 6.663607120513916, -6.650093078613281]	-0.7853981633974483	R
250.475	2.091000000000008	trials	251.36016666666666		4.0	[4.663607120513916, -4.650093078613281, 6.663607120513916, -6.650093078613281]	-1.5707963267948966	A
252.818	4.171999999999997	trials	255.14753333333334	255.87436666666667	6.0	[-8.999977111816406, 0.9808881878852844, -6.999977111816406, -1.0191118717193604]	3.141592653589793	R
257.242	3.4420000000000073	trials	258.52593333333334	259.57553333333334	5.0	[-6.645581245422363, -4.668104648590088, -4.645581245422363, -6.668104648590088]	-2.356194490192345	R
260.936	4.2450000000000045	trials	263.1995333333333	264.1128	7.0	[-6.672598838806152, 6.64106559753418, -4.672598838806152, 4.64106559753418]	2.356194490192345	R
265.433	4.675000000000011	trials	267.27363333333335	268.69016666666664	1.0	[4.654601573944092, 6.659106254577637, 6.654601573944092, 4.659106254577637]	0.7853981633974483	R
270.359	3.383000000000038	trials	272.40336666666667		2.0	[6.999997615814209, 1.0063706636428833, 8.99999713897705, -0.9936293959617615]	0.0	A
273.993	3.6650000000000205	trials	275.75266666666664	276.45543333333336	3.0	[4.663607120513916, -4.650093078613281, 6.663607120513916, -6.650093078613281]	-0.7853981633974483	R
277.91	3.3899999999999864	trials	279.6343	280.6718666666667	0.0	[-1.0, 9.0, 1.0, 7.0]	1.5707963267948966	I
281.552	0.4619999999999891	trials				[NaN, NaN, NaN, NaN]		A
282.266	0.15099999999995362	trials				[NaN, NaN, NaN, NaN]		A
282.669	3.549000000000035	trials	284.13646666666665	285.0196666666667	2.0	[6.999997615814209, 1.0063706636428833, 8.99999713897705, -0.9936293959617615]	0.0	R
286.469	3.4119999999999777	trials	288.00006666666667	289.15993333333336	4.0	[-0.987258791923523, -6.999989986419678, 1.012741208076477, -8.99998950958252]	-1.5707963267948966	I
290.132	4.492000000000019	trials	292.2325666666667	293.58593333333334	1.0	[4.654601573944092, 6.659106254577637, 6.654601573944092, 4.659106254577637]	0.7853981633974483	R
294.875	3.747000000000014	trials	296.66356666666667	297.38033333333334	7.0	[-6.672598838806152, 6.64106559753418, -4.672598838806152, 4.64106559753418]	2.356194490192345	R
298.874	3.0819999999999936	trials	300.873		0.0	[-1.0, 9.0, 1.0, 7.0]	1.5707963267948966	A
302.207	4.162000000000035	trials	303.91153333333335	305.3100333333333	3.0	[4.663607120513916, -4.650093078613281, 6.663607120513916, -6.650093078613281]	-0.7853981633974483	R
306.62	3.0649999999999977	trials	307.5455666666667	308.4889	7.0	[4.663607120513916, -4.650093078613281, 6.663607120513916, -6.650093078613281]	2.356194490192345	R
309.937	3.512999999999977	trials	311.31493333333333	312.3906	3.0	[4.663607120513916, -4.650093078613281, 6.663607120513916, -6.650093078613281]	-0.7853981633974483	R
313.702	3.437999999999988	trials	315.4141	316.0637	5.0	[-6.645581245422363, -4.668104648590088, -4.645581245422363, -6.668104648590088]	-2.356194490192345	R
317.392	3.2749999999999773	trials	319.31076666666667		6.0	[-8.999977111816406, 0.9808881878852844, -6.999977111816406, -1.0191118717193604]	3.141592653589793	A
320.919	3.819000000000017	trials	322.8856333333333	323.44	4.0	[-0.987258791923523, -6.999989986419678, 1.012741208076477, -8.99998950958252]	-1.5707963267948966	R
324.99	3.223000000000013	trials	326.2971	326.9457	2.0	[6.999997615814209, 1.0063706636428833, 8.99999713897705, -0.9936293959617615]	0.0	R
328.464	3.228999999999985	trials	329.8489	330.5536666666667	0.0	[-1.0, 9.0, 1.0, 7.0]	1.5707963267948966	R
331.945	0.48099999999999454	trials				[NaN, NaN, NaN, NaN]		A
332.678	2.084000000000003	trials	333.4719		2.0	[4.654601573944092, 6.659106254577637, 6.654601573944092, 4.659106254577637]	0.0	A
335.014	3.512999999999977	trials	336.54653333333334	337.47683333333333	7.0	[-6.672598838806152, 6.64106559753418, -4.672598838806152, 4.64106559753418]	2.356194490192345	R
338.779	3.9470000000000027	trials	340.6777666666667	342.08226666666667	1.0	[4.654601573944092, 6.659106254577637, 6.654601573944092, 4.659106254577637]	0.7853981633974483	I
342.977	0.9610000000000127	trials				[NaN, NaN, NaN, NaN]		A
344.19	0.10500000000001819	trials				[NaN, NaN, NaN, NaN]		A
344.546	3.757000000000005	trials	345.9639	346.95636666666667	0.0	[-1.0, 9.0, 1.0, 7.0]	1.5707963267948966	R
348.554	3.0820000000000505	trials	349.90766666666667	350.4841	4.0	[-0.987258791923523, -6.999989986419678, 1.012741208076477, -8.99998950958252]	-1.5707963267948966	R
351.888	0.5180000000000291	trials				[NaN, NaN, NaN, NaN]		A
352.658	3.711999999999989	trials	354.08503333333334	355.26396666666665	1.0	[4.663607120513916, -4.650093078613281, 6.663607120513916, -6.650093078613281]	0.7853981633974483	R
356.621	3.3500000000000227	trials	357.9205666666667	358.6132666666667	3.0	[4.663607120513916, -4.650093078613281, 6.663607120513916, -6.650093078613281]	-0.7853981633974483	R
360.222	4.260000000000048	trials	362.3034333333333	363.1766	7.0	[-6.672598838806152, 6.64106559753418, -4.672598838806152, 4.64106559753418]	2.356194490192345	R
364.733	3.8559999999999945	trials	366.3865666666667	367.6216333333333	4.0	[-0.987258791923523, -6.999989986419678, 1.012741208076477, -8.99998950958252]	-1.5707963267948966	R
368.841	3.83299999999997	trials	370.9559	371.5634	5.0	[-6.645581245422363, -4.668104648590088, -4.645581245422363, -6.668104648590088]	-2.356194490192345	R
372.926	3.944000000000017	trials	375.01596666666666	375.57036666666664	2.0	[6.999997615814209, 1.0063706636428833, 8.99999713897705, -0.9936293959617615]	0.0	R
377.121	4.205000000000041	trials	379.15226666666666	379.9813	0.0	[-1.0, 9.0, 1.0, 7.0]	1.5707963267948966	R
381.577	3.1970000000000027	trials	382.7271	383.72156666666666	6.0	[-8.999977111816406, 0.9808881878852844, -6.999977111816406, -1.0191118717193604]	3.141592653589793	R
385.026	0.6649999999999636	trials				[NaN, NaN, NaN, NaN]		A
385.943	3.7170000000000414	trials	386.90246666666667	388.3831333333333	1.0	[4.654601573944092, 6.659106254577637, 6.654601573944092, 4.659106254577637]	0.7853981633974483	R
389.912	2.421000000000049	trials	391.2051666666667		2.0	[6.999997615814209, 1.0063706636428833, 8.99999713897705, -0.9936293959617615]	0.0	A
392.585	3.43100000000004	trials	394.3158666666667	394.86423333333335	3.0	[4.663607120513916, -4.650093078613281, 6.663607120513916, -6.650093078613281]	-0.7853981633974483	R
396.268	2.9960000000000377	trials	397.5459	398.09223333333335	5.0	[-6.645581245422363, -4.668104648590088, -4.645581245422363, -6.668104648590088]	-2.356194490192345	R
399.516	3.0979999999999563	trials	401.5839		4.0	[-0.987258791923523, -6.999989986419678, 1.012741208076477, -8.99998950958252]	-1.5707963267948966	A
402.866	3.2970000000000255	trials	404.00693333333334	405.3953666666667	6.0	[-8.999977111816406, 0.9808881878852844, -6.999977111816406, -1.0191118717193604]	3.141592653589793	I
406.415	3.477999999999952	trials	407.9437	408.7767666666667	7.0	[-6.672598838806152, 6.64106559753418, -4.672598838806152, 4.64106559753418]	2.356194490192345	R
410.144	2.9219999999999686	trials	411.36016666666666	411.9205666666667	6.0	[-6.672598838806152, 6.64106559753418, -4.672598838806152, 4.64106559753418]	3.141592653589793	R
413.318	3.2040000000000077	trials	414.5871666666667	415.42023333333333	4.0	[-0.987258791923523, -6.999989986419678, 1.012741208076477, -8.99998950958252]	-1.5707963267948966	R
416.774	4.101999999999975	trials	418.1791	419.6006	2.0	[6.999997615814209, 1.0063706636428833, 8.99999713897705, -0.9936293959617615]	0.0	R
421.127	3.233000000000004	trials	422.7735	423.3589333333333	5.0	[-6.645581245422363, -4.668104648590088, -4.645581245422363, -6.668104648590088]	-2.356194490192345	R
424.612	4.08099999999996	trials	426.3313	427.6034666666667	7.0	[-6.672598838806152, 6.64106559753418, -4.672598838806152, 4.64106559753418]	2.356194490192345	R
428.945	3.6899999999999977	trials	430.57683333333335	431.8650333333333	1.0	[4.654601573944092, 6.659106254577637, 6.654601573944092, 4.659106254577637]	0.7853981633974483	I
432.887	0.8129999999999882	trials				[NaN, NaN, NaN, NaN]		A
433.951	4.550999999999988	trials	436.23086666666666	437.3897666666667	0.0	[-1.0, 9.0, 1.0, 7.0]	1.5707963267948966	R
438.753	3.3640000000000327	trials	440.2558666666667	440.77413333333334	1.0	[-1.0, 9.0, 1.0, 7.0]	0.7853981633974483	R
442.369	0.27499999999997726	trials				[NaN, NaN, NaN, NaN]		A
442.895	3.545000000000016	trials	444.45326666666665	445.19513333333333	7.0	[-6.672598838806152, 6.64106559753418, -4.672598838806152, 4.64106559753418]	2.356194490192345	R
446.692	3.3629999999999995	trials	448.3509666666667	448.9314	3.0	[4.663607120513916, -4.650093078613281, 6.663607120513916, -6.650093078613281]	-0.7853981633974483	R
450.307	4.255999999999972	trials	452.42806666666667	453.5187666666667	0.0	[-1.0, 9.0, 1.0, 7.0]	1.5707963267948966	R
454.815	0.25900000000001455	trials				[NaN, NaN, NaN, NaN]		A
455.325	3.1380000000000337	trials	455.9979333333333	457.3593	2.0	[6.999997615814209, 1.0063706636428833, 8.99999713897705, -0.9936293959617615]	0.0	R
458.715	3.393000000000029	trials	459.79133333333334	460.7597333333333	6.0	[-8.999977111816406, 0.9808881878852844, -6.999977111816406, -1.0191118717193604]	3.141592653589793	R
462.36	0.6049999999999613	trials				[NaN, NaN, NaN, NaN]		A
463.217	0.15100000000001046	trials				[NaN, NaN, NaN, NaN]		A
463.62	4.995999999999981	trials	466.17016666666666	467.40723333333335	2.0	[6.999997615814209, 1.0063706636428833, 8.99999713897705, -0.9936293959617615]	0.0	R
468.868	3.75	trials	470.62423333333334	471.55653333333333	5.0	[-6.645581245422363, -4.668104648590088, -4.645581245422363, -6.668104648590088]	-2.356194490192345	R
472.87	3.6479999999999677	trials	474.3534666666667	475.37	7.0	[-6.672598838806152, 6.64106559753418, -4.672598838806152, 4.64106559753418]	2.356194490192345	R
476.769	3.6159999999999854	trials	478.4526333333333	479.4872	4.0	[-0.987258791923523, -6.999989986419678, 1.012741208076477, -8.99998950958252]	-1.5707963267948966	R
480.637	3.1569999999999823	trials	481.9443	482.55783333333335	0.0	[-1.0, 9.0, 1.0, 7.0]	1.5707963267948966	R
484.046	4.026999999999987	trials	485.89913333333334	486.94873333333334	3.0	[4.663607120513916, -4.650093078613281, 6.663607120513916, -6.650093078613281]	-0.7853981633974483	R
488.324	3.211999999999989	trials	489.90406666666667	490.42536666666666	7.0	[4.663607120513916, -4.650093078613281, 6.663607120513916, -6.650093078613281]	2.356194490192345	R
491.788	3.20799999999997	trials	493.2583666666667	493.9420666666667	4.0	[-0.987258791923523, -6.999989986419678, 1.012741208076477, -8.99998950958252]	-1.5707963267948966	R
495.247	4.020999999999958	trials	496.62173333333334	497.91993333333335	0.0	[-1.0, 9.0, 1.0, 7.0]	1.5707963267948966	R
499.52	3.5459999999999923	trials	501.2692666666667	502.22863333333333	5.0	[-6.645581245422363, -4.668104648590088, -4.645581245422363, -6.668104648590088]	-2.356194490192345	R
503.317	3.9710000000000036	trials	505.5659333333333	506.17443333333335	1.0	[4.654601573944092, 6.659106254577637, 6.654601573944092, 4.659106254577637]	0.7853981633974483	R
507.54	3.697999999999979	trials	509.3593333333333	510.3097	6.0	[-8.999977111816406, 0.9808881878852844, -6.999977111816406, -1.0191118717193604]	3.141592653589793	R
511.49	3.3559999999999945	trials	512.7457333333333	513.5587666666667	2.0	[6.999997615814209, 1.0063706636428833, 8.99999713897705, -0.9936293959617615]	0.0	R
515.098	2.913000000000011	trials	516.6724666666667	517.287	3.0	[4.663607120513916, -4.650093078613281, 6.663607120513916, -6.650093078613281]	-0.7853981633974483	I
518.262	2.6620000000000346	trials	519.8363333333333		6.0	[4.663607120513916, -4.650093078613281, 6.663607120513916, -6.650093078613281]	3.141592653589793	A
521.176	4.488999999999919	trials	523.8613333333333	524.5009	5.0	[-6.645581245422363, -4.668104648590088, -4.645581245422363, -6.668104648590088]	-2.356194490192345	I
525.916	3.921999999999912	trials	527.9163666666667	528.8015666666666	4.0	[-0.987258791923523, -6.999989986419678, 1.012741208076477, -8.99998950958252]	-1.5707963267948966	I
530.09	0.5699999999999363	trials				[NaN, NaN, NaN, NaN]		A
530.912	1.7729999999999109	trials	531.5594333333333		2.0	[6.999997615814209, 1.0063706636428833, 8.99999713897705, -0.9936293959617615]	0.0	A
532.937	1.5939999999999372	trials				[NaN, NaN, NaN, NaN]		A
534.782	3.6200000000000045	trials	536.5037	537.2565666666667	0.0	[-1.0, 9.0, 1.0, 7.0]	1.5707963267948966	R
538.654	2.8590000000000373	trials	539.8389666666667	540.4073666666667	1.0	[4.654601573944092, 6.659106254577637, 6.654601573944092, 4.659106254577637]	0.7853981633974483	R
541.765	4.250999999999976	trials	543.5261	545.0278333333333	7.0	[4.654601573944092, 6.659106254577637, 6.654601573944092, 4.659106254577637]	2.356194490192345	R
546.268	4.092999999999961	trials	547.9781666666667	549.3305333333333	0.0	[-1.0, 9.0, 1.0, 7.0]	1.5707963267948966	R
550.613	3.856999999999971	trials	552.3239333333333	553.5159	4.0	[-0.987258791923523, -6.999989986419678, 1.012741208076477, -8.99998950958252]	-1.5707963267948966	R
554.722	3.8870000000000573	trials	556.6296333333333	557.5098	3.0	[4.663607120513916, -4.650093078613281, 6.663607120513916, -6.650093078613281]	-0.7853981633974483	R
558.86	3.7029999999999745	trials	560.2566333333333	561.5769	6.0	[-8.999977111816406, 0.9808881878852844, -6.999977111816406, -1.0191118717193604]	3.141592653589793	R
562.815	0.5779999999999745	trials				[NaN, NaN, NaN, NaN]		A
563.645	3.2830000000000155	trials	564.9071666666666	565.8384666666667	5.0	[-6.645581245422363, -4.668104648590088, -4.645581245422363, -6.668104648590088]	-2.356194490192345	R
567.18	4.087000000000103	trials	568.6935666666667	570.081	2.0	[6.999997615814209, 1.0063706636428833, 8.99999713897705, -0.9936293959617615]	0.0	R
571.519	3.266999999999939	trials	572.8639	573.707	2.0	[6.999997615814209, 1.0063706636428833, 8.99999713897705, -0.9936293959617615]	0.0	R
575.037	4.078999999999951	trials	576.8117	577.7019333333334	7.0	[-6.672598838806152, 6.64106559753418, -4.672598838806152, 4.64106559753418]	2.356194490192345	R
579.368	3.550999999999931	trials	580.9018666666667	581.8301666666666	5.0	[-6.645581245422363, -4.668104648590088, -4.645581245422363, -6.668104648590088]	-2.356194490192345	R
583.17	2.8670000000000755	trials	584.2812333333334	584.9138	3.0	[4.663607120513916, -4.650093078613281, 6.663607120513916, -6.650093078613281]	-0.7853981633974483	R
586.288	3.6689999999999827	trials	587.9904333333334	588.7603666666666	6.0	[-8.999977111816406, 0.9808881878852844, -6.999977111816406, -1.0191118717193604]	3.141592653589793	R
590.209	2.505000000000109	trials	591.4630666666667		4.0	[-0.987258791923523, -6.999989986419678, 1.012741208076477, -8.99998950958252]	-1.5707963267948966	A
592.966	3.7830000000000155	trials	594.9677666666666	595.6855333333333	0.0	[-1.0, 9.0, 1.0, 7.0]	1.5707963267948966	R
597.001	2.908999999999992	trials	598.6048	599.2353666666667	1.0	[4.654601573944092, 6.659106254577637, 6.654601573944092, 4.659106254577637]	0.7853981633974483	I
600.162	2.4560000000000173	trials	601.6533666666667		5.0	[4.654601573944092, 6.659106254577637, 6.654601573944092, 4.659106254577637]	-2.356194490192345	A
602.869	3.15300000000002	trials	603.9921666666667	604.8994	6.0	[-8.999977111816406, 0.9808881878852844, -6.999977111816406, -1.0191118717193604]	3.141592653589793	R
606.274	4.191000000000031	trials	608.1835666666667	609.4326666666667	7.0	[-6.672598838806152, 6.64106559753418, -4.672598838806152, 4.64106559753418]	2.356194490192345	R
610.717	3.187999999999988	trials	612.1183333333333	612.795	0.0	[-1.0, 9.0, 1.0, 7.0]	1.5707963267948966	R
614.156	3.244000000000028	trials	615.7473333333334	616.3919333333333	1.0	[4.654601573944092, 6.659106254577637, 6.654601573944092, 4.659106254577637]	0.7853981633974483	R
617.652	3.1749999999999545	trials	618.6896333333333	619.7532666666667	4.0	[-0.987258791923523, -6.999989986419678, 1.012741208076477, -8.99998950958252]	-1.5707963267948966	R
621.079	4.043000000000006	trials	622.875	624.0208666666666	2.0	[6.999997615814209, 1.0063706636428833, 8.99999713897705, -0.9936293959617615]	0.0	R
625.373	3.641999999999939	trials	626.6463666666667	627.7360666666667	3.0	[4.663607120513916, -4.650093078613281, 6.663607120513916, -6.650093078613281]	-0.7853981633974483	R
629.267	4.2549999999999955	trials	630.9590666666667	632.4598	1.0	[4.663607120513916, -4.650093078613281, 6.663607120513916, -6.650093078613281]	0.7853981633974483	R
633.774	3.36099999999999	trials	635.4602333333333	636.0376666666667	4.0	[-0.987258791923523, -6.999989986419678, 1.012741208076477, -8.99998950958252]	-1.5707963267948966	R
637.387	3.1110000000001037	trials	639.2897333333333		0.0	[-1.0, 9.0, 1.0, 7.0]	1.5707963267948966	A
640.749	0.43099999999992633	trials				[NaN, NaN, NaN, NaN]		A
641.432	3.2250000000000227	trials	642.4455666666667	643.422	7.0	[-6.672598838806152, 6.64106559753418, -4.672598838806152, 4.64106559753418]	2.356194490192345	R
644.909	3.6090000000000373	trials	646.6269333333333	647.449	3.0	[4.663607120513916, -4.650093078613281, 6.663607120513916, -6.650093078613281]	-0.7853981633974483	R
648.769	3.4020000000000437	trials	649.9020666666667	651.2303666666667	6.0	[-8.999977111816406, 0.9808881878852844, -6.999977111816406, -1.0191118717193604]	3.141592653589793	R
652.422	3.024000000000001	trials	653.8799333333334	654.4112666666666	2.0	[6.999997615814209, 1.0063706636428833, 8.99999713897705, -0.9936293959617615]	0.0	I
655.697	2.92999999999995	trials	657.6924		5.0	[6.999997615814209, 1.0063706636428833, 8.99999713897705, -0.9936293959617615]	-2.356194490192345	A
658.878	4.250999999999976	trials	660.9104	662.0913333333333	6.0	[-8.999977111816406, 0.9808881878852844, -6.999977111816406, -1.0191118717193604]	3.141592653589793	R
663.381	4.461000000000013	trials	665.4887666666667	666.8361	3.0	[4.663607120513916, -4.650093078613281, 6.663607120513916, -6.650093078613281]	-0.7853981633974483	R
668.093	4.0090000000000146	trials	669.9588333333334	671.1518	2.0	[6.999997615814209, 1.0063706636428833, 8.99999713897705, -0.9936293959617615]	0.0	R
672.354	3.3659999999999854	trials	673.7793333333333	674.3818333333334	4.0	[-0.987258791923523, -6.999989986419678, 1.012741208076477, -8.99998950958252]	-1.5707963267948966	R
675.972	3.882000000000062	trials	677.7281333333333	678.6714666666667	0.0	[-1.0, 9.0, 1.0, 7.0]	1.5707963267948966	R
680.106	3.2269999999999754	trials	681.6017333333333	682.105	7.0	[-6.672598838806152, 6.64106559753418, -4.672598838806152, 4.64106559753418]	2.356194490192345	R
683.585	3.538000000000011	trials	684.8117	685.9144333333334	1.0	[4.654601573944092, 6.659106254577637, 6.654601573944092, 4.659106254577637]	0.7853981633974483	R
687.375	2.977999999999952	trials	688.9991		3.0	[4.654601573944092, 6.659106254577637, 6.654601573944092, 4.659106254577637]	-0.7853981633974483	A
690.605	0.5430000000000064	trials				[NaN, NaN, NaN, NaN]		A
691.4	2.6520000000000437	trials	692.1268666666666	692.7734666666666	2.0	[6.999997615814209, 1.0063706636428833, 8.99999713897705, -0.9936293959617615]	0.0	R
694.303	4.080000000000041	trials	696.1057333333333	697.2265	0.0	[-1.0, 9.0, 1.0, 7.0]	1.5707963267948966	R
698.635	3.31899999999996	trials	699.5943666666667	701.0038666666667	1.0	[4.654601573944092, 6.659106254577637, 6.654601573944092, 4.659106254577637]	0.7853981633974483	R
702.206	3.2730000000000246	trials	703.4068333333333	704.6359	6.0	[-8.999977111816406, 0.9808881878852844, -6.999977111816406, -1.0191118717193604]	3.141592653589793	R
705.731	3.618000000000052	trials	707.4659	708.1706666666666	5.0	[-6.645581245422363, -4.668104648590088, -4.645581245422363, -6.668104648590088]	-2.356194490192345	R
709.6	0.6849999999999454	trials				[NaN, NaN, NaN, NaN]		A
710.537	3.0289999999999964	trials	711.2974333333333	712.4793666666667	7.0	[-6.672598838806152, 6.64106559753418, -4.672598838806152, 4.64106559753418]	2.356194490192345	R
713.818	3.271000000000072	trials	715.2893333333334	715.8878	3.0	[4.663607120513916, -4.650093078613281, 6.663607120513916, -6.650093078613281]	-0.7853981633974483	R
717.34	4.300999999999931	trials	719.3945	720.1884666666666	1.0	[4.654601573944092, 6.659106254577637, 6.654601573944092, 4.659106254577637]	0.7853981633974483	R
721.893	0.5520000000000209	trials				[NaN, NaN, NaN, NaN]		A
722.697	2.9890000000000327	trials	723.7643666666667	724.9342666666666	2.0	[6.999997615814209, 1.0063706636428833, 8.99999713897705, -0.9936293959617615]	0.0	I
725.938	0.4700000000000273	trials				[NaN, NaN, NaN, NaN]		A
726.66	3.1760000000000446	trials	728.0610333333333	729.1116333333333	5.0	[-6.645581245422363, -4.668104648590088, -4.645581245422363, -6.668104648590088]	-2.356194490192345	R
730.088	3.4909999999999854	trials	731.5075666666667	732.2614333333333	6.0	[-8.999977111816406, 0.9808881878852844, -6.999977111816406, -1.0191118717193604]	3.141592653589793	R
733.83	3.7679999999999154	trials	735.5786666666667	736.4879333333333	6.0	[-8.999977111816406, 0.9808881878852844, -6.999977111816406, -1.0191118717193604]	3.141592653589793	R
737.849	3.342999999999961	trials	740.0367333333334		5.0	[-6.645581245422363, -4.668104648590088, -4.645581245422363, -6.668104648590088]	-2.356194490192345	A
741.443	3.06899999999996	trials	743.1605	743.9484333333334	1.0	[4.654601573944092, 6.659106254577637, 6.654601573944092, 4.659106254577637]	0.7853981633974483	I
744.763	4.158999999999992	trials	746.6060333333334	747.9193	0.0	[-1.0, 9.0, 1.0, 7.0]	1.5707963267948966	R
749.173	2.094000000000051	trials	750.2781333333334		7.0	[-6.672598838806152, 6.64106559753418, -4.672598838806152, 4.64106559753418]	2.356194490192345	A
751.518	0.1269999999999527	trials				[NaN, NaN, NaN, NaN]		A
751.896	0.5529999999999973	trials				[NaN, NaN, NaN, NaN]		A
752.7	0.2859999999999445	trials				[NaN, NaN, NaN, NaN]		A
753.237	2.3310000000000173	trials	753.9803333333333	754.5648	3.0	[-0.987258791923523, -6.999989986419678, 1.012741208076477, -8.99998950958252]	-0.7853981633974483	F
755.82	4.774000000000001	trials	758.6970333333334	759.2694666666666	1.0	[4.654601573944092, 6.659106254577637, 6.654601573944092, 4.659106254577637]	0.7853981633974483	R
760.845	3.1369999999999436	trials	762.0724	762.7811666666666	6.0	[-8.999977111816406, 0.9808881878852844, -6.999977111816406, -1.0191118717193604]	3.141592653589793	R
764.234	2.7099999999999227	trials	765.2222333333333	765.7625666666667	4.0	[-0.987258791923523, -6.999989986419678, 1.012741208076477, -8.99998950958252]	-1.5707963267948966	R
767.195	3.4849999999999	trials	769.0016	769.6612333333334	5.0	[-6.645581245422363, -4.668104648590088, -4.645581245422363, -6.668104648590088]	-2.356194490192345	R
770.931	4.348999999999933	trials	772.7308666666667	774.1273333333334	7.0	[-6.672598838806152, 6.64106559753418, -4.672598838806152, 4.64106559753418]	2.356194490192345	R
775.532	4.814999999999941	trials	778.02	779.2179666666667	2.0	[6.999997615814209, 1.0063706636428833, 8.99999713897705, -0.9936293959617615]	0.0	R
780.598	3.5330000000000155	trials	782.3748	783.0685	0.0	[-1.0, 9.0, 1.0, 7.0]	1.5707963267948966	R
784.383	3.7369999999999663	trials	786.0699666666667	786.9611666666667	7.0	[-1.0, 9.0, 1.0, 7.0]	2.356194490192345	R
788.372	2.8899999999999864	trials	790.3576		2.0	[6.999997615814209, 1.0063706636428833, 8.99999713897705, -0.9936293959617615]	0.0	A
791.513	4.37399999999991	trials	793.5455	794.545	3.0	[4.663607120513916, -4.650093078613281, 6.663607120513916, -6.650093078613281]	-0.7853981633974483	R
796.139	3.3339999999999463	trials	797.5063333333334	798.8376333333333	1.0	[4.654601573944092, 6.659106254577637, 6.654601573944092, 4.659106254577637]	0.7853981633974483	I
799.725	3.1809999999999263	trials	800.9499	801.8250666666667	6.0	[-8.999977111816406, 0.9808881878852844, -6.999977111816406, -1.0191118717193604]	3.141592653589793	R
803.157	3.155999999999949	trials	805.2044333333333		4.0	[-0.987258791923523, -6.999989986419678, 1.012741208076477, -8.99998950958252]	-1.5707963267948966	A
806.565	3.8059999999999263	trials	808.4084	809.457	5.0	[-6.645581245422363, -4.668104648590088, -4.645581245422363, -6.668104648590088]	-2.356194490192345	R
810.623	3.338999999999942	trials	811.9902666666667	812.8724666666667	0.0	[-1.0, 9.0, 1.0, 7.0]	1.5707963267948966	R
814.214	3.3789999999999054	trials	815.8157666666667	816.4824333333333	1.0	[-1.0, 9.0, 1.0, 7.0]	0.7853981633974483	R
817.845	3.3099999999999454	trials	819.4117	820.2768333333333	0.0	[-4294967296.0, 1.0097432827597319e-28, -1.0384598668829812e+34, 1.577722374679312e-30]	1.5707963267948966	R
821.407	4.083999999999946	trials	823.1108666666667	824.5013333333334	2.0	[6.999997615814209, 1.0063706636428833, 8.99999713897705, -0.9936293959617615]	0.0	R
825.742	3.062000000000012	trials	826.8281	827.8115333333334	6.0	[-8.999977111816406, 0.9808881878852844, -6.999977111816406, -1.0191118717193604]	3.141592653589793	R
829.056	3.0570000000000164	trials	831.0475666666666		7.0	[-6.672598838806152, 6.64106559753418, -4.672598838806152, 4.64106559753418]	2.356194490192345	A
832.365	4.2309999999999945	trials	834.3798333333333	835.3121333333333	4.0	[-0.987258791923523, -6.999989986419678, 1.012741208076477, -8.99998950958252]	-1.5707963267948966	R
836.848	3.494000000000028	trials	838.1411666666667	839.2429	3.0	[4.663607120513916, -4.650093078613281, 6.663607120513916, -6.650093078613281]	-0.7853981633974483	R
840.593	3.115000000000009	trials	842.4458666666667		5.0	[-6.645581245422363, -4.668104648590088, -4.645581245422363, -6.668104648590088]	-2.356194490192345	A
843.96	3.7069999999999936	trials	845.5114666666667	846.531	0.0	[-6.645581245422363, -4.668104648590088, -4.645581245422363, -6.668104648590088]	1.5707963267948966	R
847.918	2.31899999999996	trials	849.0652666666666		4.0	[-0.987258791923523, -6.999989986419678, 1.012741208076477, -8.99998950958252]	-1.5707963267948966	A
850.489	3.877999999999929	trials	852.2281333333333	853.6647	6.0	[-8.999977111816406, 0.9808881878852844, -6.999977111816406, -1.0191118717193604]	3.141592653589793	I
854.619	3.25	trials	856.214	856.7162666666667	5.0	[-6.645581245422363, -4.668104648590088, -4.645581245422363, -6.668104648590088]	-2.356194490192345	R
858.121	4.310000000000059	trials	860.0575666666666	861.3678	2.0	[6.999997615814209, 1.0063706636428833, 8.99999713897705, -0.9936293959617615]	0.0	R
862.683	3.9629999999999654	trials	864.2319	865.6384	7.0	[-6.672598838806152, 6.64106559753418, -4.672598838806152, 4.64106559753418]	2.356194490192345	R
866.898	0.6159999999999854	trials				[NaN, NaN, NaN, NaN]		A
867.766	2.63900000000001	trials	868.3812	869.3085333333333	3.0	[4.663607120513916, -4.650093078613281, 6.663607120513916, -6.650093078613281]	-0.7853981633974483	R
870.657	3.200999999999908	trials	871.7175	872.7630666666666	6.0	[4.663607120513916, -4.650093078613281, 6.663607120513916, -6.650093078613281]	3.141592653589793	R
874.109	4.052999999999997	trials	876.0923333333334	877.0587333333333	3.0	[4.663607120513916, -4.650093078613281, 6.663607120513916, -6.650093078613281]	-0.7853981633974483	R
878.414	3.755999999999972	trials	880.0642	880.7529	7.0	[-6.672598838806152, 6.64106559753418, -4.672598838806152, 4.64106559753418]	2.356194490192345	R
882.422	3.115000000000009	trials	883.4897	884.5974333333334	5.0	[-6.645581245422363, -4.668104648590088, -4.645581245422363, -6.668104648590088]	-2.356194490192345	R
885.788	3.3659999999999854	trials	887.2049	887.8184333333334	2.0	[6.999997615814209, 1.0063706636428833, 8.99999713897705, -0.9936293959617615]	0.0	R
889.405	2.7480000000000473	trials	890.8209		0.0	[-1.0, 9.0, 1.0, 7.0]	1.5707963267948966	A
892.405	0.31100000000003547	trials				[NaN, NaN, NaN, NaN]		A
892.967	2.719000000000051	trials	894.0408666666667	894.9371	4.0	[-0.987258791923523, -6.999989986419678, 1.012741208076477, -8.99998950958252]	-1.5707963267948966	I
895.938	0.4700000000000273	trials				[NaN, NaN, NaN, NaN]		A
896.659	2.7040000000000646	trials	897.6959333333333	898.2092333333334	6.0	[-8.999977111816406, 0.9808881878852844, -6.999977111816406, -1.0191118717193604]	3.141592653589793	R
899.615	4.355000000000018	trials	901.1555333333333	902.6512333333334	0.0	[-1.0, 9.0, 1.0, 7.0]	1.5707963267948966	R
904.221	2.4420000000000073	trials	905.8692333333333		4.0	[-0.987258791923523, -6.999989986419678, 1.012741208076477, -8.99998950958252]	-1.5707963267948966	A
906.915	3.5550000000000637	trials	908.9468666666667	909.4661666666667	7.0	[-6.672598838806152, 6.64106559753418, -4.672598838806152, 4.64106559753418]	2.356194490192345	F
910.721	4.331999999999994	trials	912.6390333333334	913.9302333333334	2.0	[6.999997615814209, 1.0063706636428833, 8.99999713897705, -0.9936293959617615]	0.0	R
915.305	3.2650000000001	trials	916.4324333333333	917.5572333333333	1.0	[4.654601573944092, 6.659106254577637, 6.654601573944092, 4.659106254577637]	0.7853981633974483	R
918.821	4.16599999999994	trials	920.7602	921.9531333333333	5.0	[-6.645581245422363, -4.668104648590088, -4.645581245422363, -6.668104648590088]	-2.356194490192345	R
923.238	3.34699999999998	trials	924.2418333333334	925.4789	5.0	[-6.645581245422363, -4.668104648590088, -4.645581245422363, -6.668104648590088]	-2.356194490192345	R
926.836	3.31899999999996	trials	928.749		2.0	[6.999997615814209, 1.0063706636428833, 8.99999713897705, -0.9936293959617615]	0.0	A
930.406	0.5380000000000109	trials				[NaN, NaN, NaN, NaN]		A
931.196	2.9209999999999354	trials	932.1053333333333	933.0356333333333	1.0	[4.654601573944092, 6.659106254577637, 6.654601573944092, 4.659106254577637]	0.7853981633974483	R
934.369	3.63799999999992	trials	936.1814333333333	936.9533666666666	0.0	[-1.0, 9.0, 1.0, 7.0]	1.5707963267948966	R
938.259	3.159999999999968	trials	939.4265	940.3427666666666	3.0	[4.663607120513916, -4.650093078613281, 6.663607120513916, -6.650093078613281]	-0.7853981633974483	R
941.671	0.4839999999999236	trials				[NaN, NaN, NaN, NaN]		A
942.407	3.875	trials	943.8194	945.266	6.0	[-8.999977111816406, 0.9808881878852844, -6.999977111816406, -1.0191118717193604]	3.141592653589793	R
946.533	3.4320000000000164	trials	948.0288333333333	948.9190666666667	7.0	[-8.999977111816406, 0.9808881878852844, -6.999977111816406, -1.0191118717193604]	2.356194490192345	R
950.216	4.029999999999973	trials	952.2583333333333	953.1154666666666	3.0	[4.663607120513916, -4.650093078613281, 6.663607120513916, -6.650093078613281]	-0.7853981633974483	R
954.498	4.871999999999957	trials	957.0702666666666	958.2652333333333	1.0	[4.654601573944092, 6.659106254577637, 6.654601573944092, 4.659106254577637]	0.7853981633974483	R
959.622	4.174000000000092	trials	961.6987666666666	962.6932333333333	6.0	[-8.999977111816406, 0.9808881878852844, -6.999977111816406, -1.0191118717193604]	3.141592653589793	R
964.048	4.331999999999994	trials	966.3172333333333	967.1503	2.0	[6.999997615814209, 1.0063706636428833, 8.99999713897705, -0.9936293959617615]	0.0	R
968.632	3.8090000000000828	trials	970.4083666666667	971.2184	5.0	[-6.645581245422363, -4.668104648590088, -4.645581245422363, -6.668104648590088]	-2.356194490192345	R
972.693	4.166000000000054	trials	974.5997666666667	975.7947333333333	4.0	[-0.987258791923523, -6.999989986419678, 1.012741208076477, -8.99998950958252]	-1.5707963267948966	R
977.111	4.16700000000003	trials	979.1149666666666	980.2738666666667	0.0	[-1.0, 9.0, 1.0, 7.0]	1.5707963267948966	R
981.53	3.54200000000003	trials	983.1740666666667	984.2066333333333	4.0	[-1.0, 9.0, 1.0, 7.0]	-1.5707963267948966	I
985.323	0.7680000000000291	trials				[NaN, NaN, NaN, NaN]		A
986.343	0.4840000000000373	trials				[NaN, NaN, NaN, NaN]		A
987.079	4.225999999999999	trials	989.0245666666667	990.2536333333334	2.0	[6.999997615814209, 1.0063706636428833, 8.99999713897705, -0.9936293959617615]	0.0	R
991.557	4.002999999999929	trials	993.4646	994.4590666666667	5.0	[-6.645581245422363, -4.668104648590088, -4.645581245422363, -6.668104648590088]	-2.356194490192345	R
995.811	3.602999999999952	trials	997.2239333333333	998.4239	0.0	[-1.0, 9.0, 1.0, 7.0]	1.5707963267948966	R
999.666	3.4969999999999573	trials	1001.0664666666667	1002.0258333333334	7.0	[-6.672598838806152, 6.64106559753418, -4.672598838806152, 4.64106559753418]	2.356194490192345	R
