name	probe_name	x	y	z	hemisphere	impedance	shank_id	location
e000	electrode_array_M1	n/a	n/a	n/a	n/a	n/a	electrode_group_M1	Primary Motor Cortex
e001	electrode_array_M1	n/a	n/a	n/a	n/a	n/a	electrode_group_M1	Primary Motor Cortex
e002	electrode_array_M1	n/a	n/a	n/a	n/a	n/a	electrode_group_M1	Primary Motor Cortex
e003	electrode_array_M1	n/a	n/a	n/a	n/a	n/a	electrode_group_M1	Primary Motor Cortex
e004	electrode_array_M1	n/a	n/a	n/a	n/a	n/a	electrode_group_M1	Primary Motor Cortex
e005	electrode_array_M1	n/a	n/a	n/a	n/a	n/a	electrode_group_M1	Primary Motor Cortex
e006	electrode_array_M1	n/a	n/a	n/a	n/a	n/a	electrode_group_M1	Primary Motor Cortex
e007	electrode_array_M1	n/a	n/a	n/a	n/a	n/a	electrode_group_M1	Primary Motor Cortex
e008	electrode_array_M1	n/a	n/a	n/a	n/a	n/a	electrode_group_M1	Primary Motor Cortex
e009	electrode_array_M1	n/a	n/a	n/a	n/a	n/a	electrode_group_M1	Primary Motor Cortex
e010	electrode_array_M1	n/a	n/a	n/a	n/a	n/a	electrode_group_M1	Primary Motor Cortex
e011	electrode_array_M1	n/a	n/a	n/a	n/a	n/a	electrode_group_M1	Primary Motor Cortex
e012	electrode_array_M1	n/a	n/a	n/a	n/a	n/a	electrode_group_M1	Primary Motor Cortex
e013	electrode_array_M1	n/a	n/a	n/a	n/a	n/a	electrode_group_M1	Primary Motor Cortex
e014	electrode_array_M1	n/a	n/a	n/a	n/a	n/a	electrode_group_M1	Primary Motor Cortex
e015	electrode_array_M1	n/a	n/a	n/a	n/a	n/a	electrode_group_M1	Primary Motor Cortex
e016	electrode_array_M1	n/a	n/a	n/a	n/a	n/a	electrode_group_M1	Primary Motor Cortex
e017	electrode_array_M1	n/a	n/a	n/a	n/a	n/a	electrode_group_M1	Primary Motor Cortex
e018	electrode_array_M1	n/a	n/a	n/a	n/a	n/a	electrode_group_M1	Primary Motor Cortex
e019	electrode_array_M1	n/a	n/a	n/a	n/a	n/a	electrode_group_M1	Primary Motor Cortex
e020	electrode_array_M1	n/a	n/a	n/a	n/a	n/a	electrode_group_M1	Primary Motor Cortex
e021	electrode_array_M1	n/a	n/a	n/a	n/a	n/a	electrode_group_M1	Primary Motor Cortex
e022	electrode_array_M1	n/a	n/a	n/a	n/a	n/a	electrode_group_M1	Primary Motor Cortex
e023	electrode_array_M1	n/a	n/a	n/a	n/a	n/a	electrode_group_M1	Primary Motor Cortex
e024	electrode_array_M1	n/a	n/a	n/a	n/a	n/a	electrode_group_M1	Primary Motor Cortex
e025	electrode_array_M1	n/a	n/a	n/a	n/a	n/a	electrode_group_M1	Primary Motor Cortex
e026	electrode_array_M1	n/a	n/a	n/a	n/a	n/a	electrode_group_M1	Primary Motor Cortex
e027	electrode_array_M1	n/a	n/a	n/a	n/a	n/a	electrode_group_M1	Primary Motor Cortex
e028	electrode_array_M1	n/a	n/a	n/a	n/a	n/a	electrode_group_M1	Primary Motor Cortex
e029	electrode_array_M1	n/a	n/a	n/a	n/a	n/a	electrode_group_M1	Primary Motor Cortex
e030	electrode_array_M1	n/a	n/a	n/a	n/a	n/a	electrode_group_M1	Primary Motor Cortex
e031	electrode_array_M1	n/a	n/a	n/a	n/a	n/a	electrode_group_M1	Primary Motor Cortex
e032	electrode_array_M1	n/a	n/a	n/a	n/a	n/a	electrode_group_M1	Primary Motor Cortex
e033	electrode_array_M1	n/a	n/a	n/a	n/a	n/a	electrode_group_M1	Primary Motor Cortex
e034	electrode_array_M1	n/a	n/a	n/a	n/a	n/a	electrode_group_M1	Primary Motor Cortex
e035	electrode_array_M1	n/a	n/a	n/a	n/a	n/a	electrode_group_M1	Primary Motor Cortex
e036	electrode_array_M1	n/a	n/a	n/a	n/a	n/a	electrode_group_M1	Primary Motor Cortex
e037	electrode_array_M1	n/a	n/a	n/a	n/a	n/a	electrode_group_M1	Primary Motor Cortex
e038	electrode_array_M1	n/a	n/a	n/a	n/a	n/a	electrode_group_M1	Primary Motor Cortex
e039	electrode_array_M1	n/a	n/a	n/a	n/a	n/a	electrode_group_M1	Primary Motor Cortex
e040	electrode_array_M1	n/a	n/a	n/a	n/a	n/a	electrode_group_M1	Primary Motor Cortex
e041	electrode_array_M1	n/a	n/a	n/a	n/a	n/a	electrode_group_M1	Primary Motor Cortex
e042	electrode_array_M1	n/a	n/a	n/a	n/a	n/a	electrode_group_M1	Primary Motor Cortex
e043	electrode_array_M1	n/a	n/a	n/a	n/a	n/a	electrode_group_M1	Primary Motor Cortex
e044	electrode_array_M1	n/a	n/a	n/a	n/a	n/a	electrode_group_M1	Primary Motor Cortex
e045	electrode_array_M1	n/a	n/a	n/a	n/a	n/a	electrode_group_M1	Primary Motor Cortex
e046	electrode_array_M1	n/a	n/a	n/a	n/a	n/a	electrode_group_M1	Primary Motor Cortex
e047	electrode_array_M1	n/a	n/a	n/a	n/a	n/a	electrode_group_M1	Primary Motor Cortex
e048	electrode_array_M1	n/a	n/a	n/a	n/a	n/a	electrode_group_M1	Primary Motor Cortex
e049	electrode_array_M1	n/a	n/a	n/a	n/a	n/a	electrode_group_M1	Primary Motor Cortex
e050	electrode_array_M1	n/a	n/a	n/a	n/a	n/a	electrode_group_M1	Primary Motor Cortex
e051	electrode_array_M1	n/a	n/a	n/a	n/a	n/a	electrode_group_M1	Primary Motor Cortex
e052	electrode_array_M1	n/a	n/a	n/a	n/a	n/a	electrode_group_M1	Primary Motor Cortex
e053	electrode_array_M1	n/a	n/a	n/a	n/a	n/a	electrode_group_M1	Primary Motor Cortex
e054	electrode_array_M1	n/a	n/a	n/a	n/a	n/a	electrode_group_M1	Primary Motor Cortex
e055	electrode_array_M1	n/a	n/a	n/a	n/a	n/a	electrode_group_M1	Primary Motor Cortex
e056	electrode_array_M1	n/a	n/a	n/a	n/a	n/a	electrode_group_M1	Primary Motor Cortex
e057	electrode_array_M1	n/a	n/a	n/a	n/a	n/a	electrode_group_M1	Primary Motor Cortex
e058	electrode_array_M1	n/a	n/a	n/a	n/a	n/a	electrode_group_M1	Primary Motor Cortex
e059	electrode_array_M1	n/a	n/a	n/a	n/a	n/a	electrode_group_M1	Primary Motor Cortex
e060	electrode_array_M1	n/a	n/a	n/a	n/a	n/a	electrode_group_M1	Primary Motor Cortex
e061	electrode_array_M1	n/a	n/a	n/a	n/a	n/a	electrode_group_M1	Primary Motor Cortex
e062	electrode_array_M1	n/a	n/a	n/a	n/a	n/a	electrode_group_M1	Primary Motor Cortex
e063	electrode_array_M1	n/a	n/a	n/a	n/a	n/a	electrode_group_M1	Primary Motor Cortex
e064	electrode_array_M1	n/a	n/a	n/a	n/a	n/a	electrode_group_M1	Primary Motor Cortex
e065	electrode_array_M1	n/a	n/a	n/a	n/a	n/a	electrode_group_M1	Primary Motor Cortex
e066	electrode_array_M1	n/a	n/a	n/a	n/a	n/a	electrode_group_M1	Primary Motor Cortex
e067	electrode_array_M1	n/a	n/a	n/a	n/a	n/a	electrode_group_M1	Primary Motor Cortex
e068	electrode_array_M1	n/a	n/a	n/a	n/a	n/a	electrode_group_M1	Primary Motor Cortex
e069	electrode_array_M1	n/a	n/a	n/a	n/a	n/a	electrode_group_M1	Primary Motor Cortex
e070	electrode_array_M1	n/a	n/a	n/a	n/a	n/a	electrode_group_M1	Primary Motor Cortex
e071	electrode_array_M1	n/a	n/a	n/a	n/a	n/a	electrode_group_M1	Primary Motor Cortex
e072	electrode_array_M1	n/a	n/a	n/a	n/a	n/a	electrode_group_M1	Primary Motor Cortex
e073	electrode_array_M1	n/a	n/a	n/a	n/a	n/a	electrode_group_M1	Primary Motor Cortex
e074	electrode_array_M1	n/a	n/a	n/a	n/a	n/a	electrode_group_M1	Primary Motor Cortex
e075	electrode_array_M1	n/a	n/a	n/a	n/a	n/a	electrode_group_M1	Primary Motor Cortex
e076	electrode_array_M1	n/a	n/a	n/a	n/a	n/a	electrode_group_M1	Primary Motor Cortex
e077	electrode_array_M1	n/a	n/a	n/a	n/a	n/a	electrode_group_M1	Primary Motor Cortex
e078	electrode_array_M1	n/a	n/a	n/a	n/a	n/a	electrode_group_M1	Primary Motor Cortex
e079	electrode_array_M1	n/a	n/a	n/a	n/a	n/a	electrode_group_M1	Primary Motor Cortex
e080	electrode_array_M1	n/a	n/a	n/a	n/a	n/a	electrode_group_M1	Primary Motor Cortex
e081	electrode_array_M1	n/a	n/a	n/a	n/a	n/a	electrode_group_M1	Primary Motor Cortex
e082	electrode_array_M1	n/a	n/a	n/a	n/a	n/a	electrode_group_M1	Primary Motor Cortex
e083	electrode_array_M1	n/a	n/a	n/a	n/a	n/a	electrode_group_M1	Primary Motor Cortex
e084	electrode_array_M1	n/a	n/a	n/a	n/a	n/a	electrode_group_M1	Primary Motor Cortex
e085	electrode_array_M1	n/a	n/a	n/a	n/a	n/a	electrode_group_M1	Primary Motor Cortex
e086	electrode_array_M1	n/a	n/a	n/a	n/a	n/a	electrode_group_M1	Primary Motor Cortex
e087	electrode_array_M1	n/a	n/a	n/a	n/a	n/a	electrode_group_M1	Primary Motor Cortex
e088	electrode_array_M1	n/a	n/a	n/a	n/a	n/a	electrode_group_M1	Primary Motor Cortex
e089	electrode_array_M1	n/a	n/a	n/a	n/a	n/a	electrode_group_M1	Primary Motor Cortex
e090	electrode_array_M1	n/a	n/a	n/a	n/a	n/a	electrode_group_M1	Primary Motor Cortex
e091	electrode_array_M1	n/a	n/a	n/a	n/a	n/a	electrode_group_M1	Primary Motor Cortex
e092	electrode_array_M1	n/a	n/a	n/a	n/a	n/a	electrode_group_M1	Primary Motor Cortex
e093	electrode_array_M1	n/a	n/a	n/a	n/a	n/a	electrode_group_M1	Primary Motor Cortex
e094	electrode_array_M1	n/a	n/a	n/a	n/a	n/a	electrode_group_M1	Primary Motor Cortex
e095	electrode_array_M1	n/a	n/a	n/a	n/a	n/a	electrode_group_M1	Primary Motor Cortex
