onset	duration	nwb_table	go_cue_time_array	target_id	num_targets	num_attempted	target_dir	target_size	result	target_1_x_position	target_1_y_position	target_2_x_position	target_2_y_position	target_3_x_position	target_3_y_position	target_4_x_position	target_4_y_position
13.604	25.563000000000002	trials	[13.705233333333334, 36.950966666666666, 37.997566666666664, 38.667233333333336]	[1.0, 1.0, 1.0, 1.0]	4	4.0	0.7853981633974483	2.0	R	-1.00954008102417	-8.464558601379395	-3.704202651977539	2.3869569301605225	-0.8605586290359497	-1.7256685495376587	-4.399768352508545	-5.257523059844971
40.171	4.148000000000003	trials	[40.2722, 41.293733333333336, 42.25813333333333, 43.059133333333335]	[1.0, 1.0, 1.0, 1.0]	4	4.0	0.7853981633974483	2.0	R	0.4369070529937744	-3.990016460418701	3.2700588703155518	3.8310511112213135	-3.152989625930786	5.1709113121032715	6.700685024261475	2.01108455657959
45.323	7.378	trials	[45.424, 50.117666666666665, 50.87153333333333, 51.9853]	[1.0, 1.0, 1.0, 1.0]	4	4.0	0.7853981633974483	2.0	R	6.005031108856201	6.962454795837402	1.329620122909546	5.190300464630127	-8.208451271057129	2.7989330291748047	-4.254721641540527	-0.26178932189941406
53.705	3.475999999999999	trials	[53.8058, 55.87696666666667, NaN, NaN]	[1.0, 1.0, NaN, NaN]	4	2.0	0.7853981633974483	2.0	F	0.7391445636749268	-0.014195775613188744	5.670330047607422	-0.8408806920051575	-1.1705665588378906	-0.11965017765760422	3.016288995742798	-3.141019344329834
58.185	11.233000000000004	trials	[58.28593333333333, 67.22413333333333, 68.1334, 68.85116666666667]	[1.0, 1.0, 1.0, 1.0]	4	4.0	0.7853981633974483	2.0	R	-6.979999542236328	0.8722456693649292	-3.784123659133911	-2.973060131072998	0.29374513030052185	-6.407320976257324	3.6648495197296143	-2.7146718502044678
70.421	3.6119999999999948	trials	[70.52233333333334, 71.7534, 72.807, 73.4877]	[1.0, 1.0, 1.0, 1.0]	4	4.0	0.7853981633974483	2.0	R	-8.180387496948242	-1.3839609622955322	-1.0716667175292969	7.76315450668335	-6.049419403076172	7.292008876800537	-7.07790470123291	0.907160758972168
75.037	10.418999999999997	trials	[NaN, NaN, NaN, NaN]	[NaN, NaN, NaN, NaN]	4				R								
86.46	3.103999999999999	trials	[86.56116666666667, 87.2188, 88.1, 88.97316666666667]	[1.0, 1.0, 1.0, 1.0]	4	4.0	0.7853981633974483	2.0	R	-4.814024925231934	-0.6113433241844177	0.08615618944168091	4.914661407470703	0.09154748171567917	-0.08533573895692825	2.145692825317383	4.473226070404053
90.567	4.521000000000001	trials	[90.66836666666667, 91.84126666666667, 92.8197, 93.6989]	[1.0, 1.0, 1.0, 1.0]	4	4.0	0.7853981633974483	2.0	R	0.7542076110839844	-3.749950408935547	-5.972676753997803	3.577256917953491	-5.663122653961182	-5.532362461090088	2.257065534591675	-8.58117389678955
96.092	4.808000000000007	trials	[96.1931, 97.63966666666667, 98.7003, 99.8231]	[1.0, 1.0, 1.0, 1.0]	4	4.0	0.7853981633974483	2.0	R	7.205503463745117	-7.864960670471191	2.8648838996887207	-5.383223056793213	6.31370210647583	0.1081325113773346	-7.189785957336426	-3.099457263946533
101.903	2.4439999999999884	trials	[102.00453333333333, 102.0436, 102.71026666666667, 103.74583333333334]	[1.0, 1.0, 1.0, 1.0]	4	4.0	0.7853981633974483	2.0	A	-2.2108492851257324	-3.557921886444092	1.9974360466003418	5.238582134246826	-2.7460620403289795	6.819476127624512	-7.732656002044678	7.1853742599487305
105.351	4.6200000000000045	trials	[105.4521, 107.33976666666666, 108.10666666666667, 109.2505]	[1.0, 1.0, 1.0, 1.0]	4	4.0	0.7853981633974483	2.0	R	0.24651049077510834	2.8139162063598633	-4.752885818481445	2.7362101078033447	4.548555374145508	6.252854824066162	0.5049959421157837	3.3118298053741455
110.975	8.14500000000001	trials	[111.07606666666666, 116.74913333333333, 117.66843333333334, 118.52253333333333]	[1.0, 1.0, 1.0, 1.0]	4	4.0	0.7853981633974483	2.0	R	-6.813506126403809	2.590639591217041	-1.504607915878296	0.058767955750226974	-7.762083530426025	2.157952070236206	-7.764662742614746	-2.8420472145080566
120.124	4.195000000000007	trials	[120.22476666666667, 121.06786666666666, 122.05533333333334, 123.20516666666667]	[1.0, 1.0, 1.0, 1.0]	4	4.0	0.7853981633974483	2.0	R	-4.858966827392578	1.226973533630371	-2.7095816135406494	-3.287463665008545	-2.4410808086395264	6.288746356964111	-3.7649617195129395	-6.610831260681152
125.322	3.5049999999999955	trials	[125.4237, 126.48333333333333, 127.3986, 128.23566666666667]	[1.0, 1.0, 1.0, 1.0]	4	4.0	0.7853981633974483	2.0	R	0.7088021039962769	-8.843640327453613	3.3838391304016113	-4.61940336227417	-1.8970752954483032	0.8880599141120911	1.2098071575164795	5.690939903259277
129.831	0.960000000000008	trials	[129.93186666666668, NaN, NaN, NaN]	[1.0, NaN, NaN, NaN]	4	1.0	0.7853981633974483	2.0	A	-1.984943151473999	1.8446987867355347	2.877241373062134	7.774107456207275	-2.725473642349243	2.506476879119873	5.621070861816406	-0.5479350090026855
131.795	21.398000000000025	trials	[131.89576666666667, 151.0022, 151.9195, 152.61923333333334]	[1.0, 1.0, 1.0, 1.0]	4	4.0	0.7853981633974483	2.0	R	-7.757660865783691	1.5941181182861328	-2.9044673442840576	0.39140719175338745	-0.38281652331352234	-3.926147222518921	-2.1094157695770264	-8.618572235107422
154.196	3.4569999999999936	trials	[154.2974, 155.1435, 156.24123333333333, 156.92693333333332]	[1.0, 1.0, 1.0, 1.0]	4	4.0	0.7853981633974483	2.0	R	-4.564310073852539	-4.2627153396606445	4.147988319396973	-1.739659070968628	2.6215622425079346	3.0216457843780518	-5.675665855407715	3.0213217735290527
158.656	3.430999999999983	trials	[158.75746666666666, 159.67273333333333, 160.60806666666667, 161.28273333333334]	[1.0, 1.0, 1.0, 1.0]	4	4.0	0.7853981633974483	2.0	R	-2.3934504985809326	-0.7505557537078857	1.1786370277404785	2.748042583465576	0.023859910666942596	-2.7310597896575928	-6.841732978820801	-7.1063737869262695
163.09	3.399000000000001	trials	[163.1915, 164.21503333333334, 165.01603333333333, 165.86213333333333]	[1.0, 1.0, 1.0, 1.0]	4	4.0	0.7853981633974483	2.0	R	-0.7469326853752136	-3.318357467651367	-5.7468085289001465	-3.2831475734710693	-0.03520331531763077	-5.205296516418457	0.275669127702713	-0.21497002243995667
167.492	3.5790000000000077	trials	[167.59343333333334, 168.9999, 169.73173333333332, 170.41143333333332]	[1.0, 1.0, 1.0, 1.0]	4	4.0	0.7853981633974483	2.0	R	4.959969520568848	1.5335524082183838	0.40369322896003723	-0.5256579518318176	-3.8163020610809326	3.1737189292907715	-1.161820650100708	7.888759613037109
172.075	4.280000000000001	trials	[172.1758, 173.36576666666667, 174.3151, 175.6013]	[1.0, 1.0, 1.0, 1.0]	4	4.0	0.7853981633974483	2.0	R	-4.143187046051025	-1.8188625574111938	-1.6774147748947144	-6.168571472167969	2.2993102073669434	-3.137786626815796	2.223933696746826	1.861645221710205
177.359	3.526999999999987	trials	[177.45993333333334, 178.6148, 179.45586666666668, 180.1546]	[1.0, 1.0, 1.0, 1.0]	4	4.0	0.7853981633974483	2.0	R	5.88154935836792	5.27072811126709	1.0782486200332642	3.8820955753326416	1.242114543914795	8.879409790039062	-1.7564911842346191	4.878364086151123
181.89	3.507000000000005	trials	[181.99116666666666, 183.06783333333334, 184.0924, NaN]	[1.0, 1.0, 1.0, NaN]	4	3.0	0.7853981633974483	2.0	F	-5.721324920654297	7.924688816070557	-1.2048413753509521	5.779606819152832	-6.115760803222656	6.7192182540893555	-4.25153923034668	-1.1374009847640991
186.4	13.129999999999995	trials	[186.50136666666666, 196.6556, 197.77236666666667, 198.73076666666665]	[1.0, 1.0, 1.0, 1.0]	4	4.0	0.7853981633974483	2.0	R	-4.395963191986084	-5.213113784790039	-3.3878910541534424	8.077136039733887	3.1320412158966064	7.058351993560791	-1.7934365272521973	7.918391704559326
200.533	3.8200000000000216	trials	[200.6345, 201.91566666666668, 202.87603333333334, 203.71513333333334]	[1.0, 1.0, 1.0, 1.0]	4	4.0	0.7853981633974483	2.0	R	3.772073745727539	1.6544612646102905	-3.156487226486206	-7.153866767883301	6.44819974899292	-4.981442928314209	2.990684747695923	-1.369574785232544
205.356	4.056000000000012	trials	[205.45746666666668, 206.60833333333332, 207.78723333333335, 208.51506666666666]	[1.0, 1.0, 1.0, 1.0]	4	4.0	0.7853981633974483	2.0	R	7.958038806915283	-1.940007209777832	6.590820789337158	2.8694329261779785	4.72584342956543	7.508598804473877	0.9997814893722534	4.174462795257568
210.416	3.033999999999992	trials	[210.51703333333333, 211.53356666666667, 212.28743333333333, 212.99316666666667]	[1.0, 1.0, 1.0, 1.0]	4	4.0	0.7853981633974483	2.0	R	-5.322452068328857	-3.015284538269043	-5.294483184814453	-8.015206336975098	-0.3299778401851654	-8.609922409057617	3.3645379543304443	-5.240864276885986
214.454	4.498999999999995	trials	[214.55506666666668, 216.40766666666667, 217.3089, 218.29333333333332]	[1.0, 1.0, 1.0, 1.0]	4	4.0	0.7853981633974483	2.0	R	-8.551854133605957	2.057382106781006	-4.679402828216553	-1.1055465936660767	2.306589365005493	0.6459614634513855	3.1819956302642822	5.568731307983398
219.956	3.2390000000000043	trials	[220.05773333333335, 220.7354, 221.52536666666666, 222.3504]	[1.0, 1.0, 1.0, 1.0]	4	4.0	0.7853981633974483	2.0	R	-0.6108729839324951	2.310795307159424	1.1398801803588867	6.994262218475342	-2.709886074066162	3.8037607669830322	-8.693193435668945	3.146488904953003
224.198	3.5360000000000014	trials	[224.29926666666665, 225.6847, 226.35836666666665, 227.012]	[1.0, 1.0, 1.0, 1.0]	4	4.0	0.7853981633974483	2.0	R	-5.798234462738037	8.647344589233398	-2.749692440032959	4.684215545654297	-6.439594745635986	1.3101048469543457	-2.7047512531280518	-3.460489511489868
228.737	3.6740000000000066	trials	[228.83853333333334, 229.89616666666666, 230.7583, 231.8881]	[1.0, 1.0, 1.0, 1.0]	4	4.0	0.7853981633974483	2.0	R	2.0681610107421875	-4.95022439956665	1.1741492748260498	-0.030799467116594315	-7.510890483856201	4.983127117156982	-5.144555568695068	0.5785320401191711
233.415	3.25	trials	[233.51613333333333, 234.20386666666667, 234.84143333333333, 235.60933333333332]	[1.0, 1.0, 1.0, 1.0]	4	4.0	0.7853981633974483	2.0	R	-0.8678736686706543	-2.011833429336548	-4.495869159698486	-5.45242166519165	0.7252928018569946	-1.9271907806396484	-7.536564350128174	2.633643865585327
237.668	3.400999999999982	trials	[237.7697, 238.62583333333333, 239.4519, 240.36013333333332]	[1.0, 1.0, 1.0, 1.0]	4	4.0	0.7853981633974483	2.0	R	-6.517715930938721	-2.2614502906799316	-3.015360116958618	-5.8298540115356445	1.2964357137680054	-3.2983689308166504	6.2840094566345215	-2.3268775939941406
242.072	3.1169999999999902	trials	[242.17363333333333, 243.01573333333334, 243.81673333333333, 244.5716]	[1.0, 1.0, 1.0, 1.0]	4	4.0	0.7853981633974483	2.0	R	6.416093826293945	2.671377658843994	0.9431037306785583	2.1008107662200928	0.8125205636024475	8.015686988830566	-0.9439484477043152	3.3343610763549805
246.193	5.043999999999983	trials	[NaN, NaN, NaN, NaN]	[NaN, NaN, NaN, NaN]	4				R								
252.241	4.359000000000009	trials	[252.3419, 253.591, 254.58446666666666, 255.65213333333332]	[1.0, 1.0, 1.0, 1.0]	4	4.0	0.7853981633974483	2.0	R	4.907669544219971	-2.090811014175415	6.748108863830566	2.5581440925598145	6.727161407470703	-8.288536071777344	-5.071457386016846	-8.070234298706055
257.604	3.562000000000012	trials	[257.70523333333335, 258.6636, 259.6440333333333, 260.44803333333334]	[1.0, 1.0, 1.0, 1.0]	4	4.0	0.7853981633974483	2.0	R	-0.38273945450782776	-6.333592414855957	-1.650981068611145	0.6080876588821411	3.232740879058838	1.6801223754882812	8.167445182800293	0.8747093677520752
262.169	3.290999999999997	trials	[262.27056666666664, 263.2219333333333, 263.98783333333336, 264.9682666666667]	[1.0, 1.0, 1.0, 1.0]	4	4.0	0.7853981633974483	2.0	R	3.579725742340088	2.8628809452056885	0.7299346923828125	6.971249580383301	-3.957271099090576	5.230530738830566	-5.700870037078857	0.5443955063819885
266.464	1.4159999999999968	trials	[266.5652333333333, NaN, NaN, NaN]	[1.0, NaN, NaN, NaN]	4	1.0	0.7853981633974483	2.0	A	5.855938911437988	5.530679702758789	-7.231040000915527	5.958109378814697	-5.348647594451904	1.3259822130203247	-8.902801513671875	4.842797756195068
268.883	4.736000000000047	trials	[268.98423333333335, 271.301, 271.97566666666665, 272.8528333333333]	[1.0, 1.0, 1.0, 1.0]	4	4.0	0.7853981633974483	2.0	R	0.0	0.0	0.3469351828098297	-4.987948894500732	0.7488765716552734	-0.004130949266254902	-6.271835803985596	-6.089631080627441
274.622	3.9780000000000086	trials	[274.7235, 275.71093333333334, 276.76456666666667, 278.04273333333333]	[1.0, 1.0, 1.0, 1.0]	4	4.0	0.7853981633974483	2.0	R	-1.5995782613754272	-4.309178829193115	5.817618370056152	5.8649725914001465	-6.53562068939209	5.216150760650635	-4.317399024963379	0.7351359724998474
279.604	3.4390000000000214	trials	[279.70486666666665, 280.8156333333333, 281.46823333333333, 282.39053333333334]	[1.0, 1.0, 1.0, 1.0]	4	4.0	0.7853981633974483	2.0	R	-4.388356685638428	6.316421985626221	-4.96181583404541	1.3494164943695068	0.8218101263046265	-0.46194028854370117	5.820616722106934	-0.5711784958839417
284.047	3.537999999999954	trials	[284.1479, 285.38896666666665, 286.4055, 287.0461]	[1.0, 1.0, 1.0, 1.0]	4	4.0	0.7853981633974483	2.0	R	6.14833927154541	4.418069839477539	2.8066282272338867	8.13733959197998	0.15828341245651245	3.8963170051574707	-3.310295581817627	0.2950729727745056
288.589	3.4499999999999886	trials	[288.69016666666664, 289.68263333333334, 290.57486666666665, 291.21043333333336]	[1.0, 1.0, 1.0, 1.0]	4	4.0	0.7853981633974483	2.0	R	-5.378988742828369	-4.256905555725098	-0.47328558564186096	1.9098753929138184	-3.193005084991455	-2.2857325077056885	1.7519534826278687	-3.025588035583496
293.043	4.0	trials	[293.1442333333333, 294.6820666666667, 295.5502, 296.2760333333333]	[1.0, 1.0, 1.0, 1.0]	4	4.0	0.7853981633974483	2.0	R	-3.224799156188965	-2.5439934730529785	0.08866686373949051	-6.288448333740234	3.0264267921447754	-2.242516279220581	3.217557191848755	-7.238862037658691
298.046	3.16700000000003	trials	[298.1476666666667, 299.2514, 299.9180666666667, 300.5827]	[1.0, 1.0, 1.0, 1.0]	4	4.0	0.7853981633974483	2.0	R	6.945533275604248	-3.9068665504455566	2.520207405090332	-1.5795316696166992	3.1619904041290283	-6.538172245025635	-1.9948242902755737	-8.17032241821289
302.217	3.636000000000024	trials	[302.31803333333335, 303.0618666666667, 304.11246666666665, 305.30443333333335]	[1.0, 1.0, 1.0, 1.0]	4	4.0	0.7853981633974483	2.0	R	-0.03468373417854309	-3.570556163787842	-7.513319969177246	-4.897271633148193	5.687774658203125	0.9259900450706482	8.310648918151855	5.182811737060547
306.856	3.7110000000000127	trials	[306.95753333333334, 307.7866, 308.7079, 310.0412]	[1.0, 1.0, 1.0, 1.0]	4	4.0	0.7853981633974483	2.0	R	3.6081137657165527	6.881683349609375	-3.4389946460723877	5.068130016326904	-0.832085132598877	-8.226922035217285	2.860234260559082	-4.855456352233887
311.57	3.7590000000000146	trials	[311.67126666666667, 312.8792666666667, 313.7905, 314.5704666666667]	[1.0, 1.0, 1.0, 1.0]	4	4.0	0.7853981633974483	2.0	R	-7.359416961669922	-4.724383354187012	1.6270924806594849	4.402655124664307	6.5669732093811035	5.175686836242676	2.056621551513672	3.0177414417266846
316.333	4.185999999999979	trials	[NaN, NaN, NaN, NaN]	[NaN, NaN, NaN, NaN]	4				R								
321.523	3.687999999999988	trials	[321.62396666666666, 322.8319666666667, 323.78833333333336, 324.5131333333333]	[1.0, 1.0, 1.0, 1.0]	4	4.0	0.7853981633974483	2.0	R	0.5382708311080933	4.724987983703613	1.6441494226455688	-0.1511816829442978	4.011457920074463	4.252890110015869	6.856595039367676	-3.109283924102783
326.214	3.5459999999999923	trials	[326.3156333333333, 327.5416666666667, 328.3847666666667, 329.0955333333333]	[1.0, 1.0, 1.0, 1.0]	4	4.0	0.7853981633974483	2.0	R	-6.438738822937012	3.0062835216522217	0.6703813672065735	1.8972439765930176	5.6639628410339355	2.150507688522339	1.0284415483474731	0.2764904499053955
330.764	3.7180000000000177	trials	[330.86493333333334, 332.23333333333335, 332.97816666666665, 333.64283333333333]	[1.0, 1.0, 1.0, 1.0]	4	4.0	0.7853981633974483	2.0	R	6.1731181144714355	0.3760776221752167	7.150585651397705	5.279602527618408	2.6778900623321533	3.04465389251709	7.652610778808594	3.5468058586120605
335.485	3.2679999999999723	trials	[335.58663333333334, 336.3455333333333, 337.1134333333333, 337.8813333333333]	[1.0, 1.0, 1.0, 1.0]	4	4.0	0.7853981633974483	2.0	R	0.8476132154464722	-0.19272544980049133	-4.769853591918945	-2.3939194679260254	-2.7507433891296387	-6.968107223510742	2.2391555309295654	-7.285768032073975
339.757	2.2860000000000014	trials	[339.8582666666667, 340.7384333333333, NaN, NaN]	[1.0, 1.0, NaN, NaN]	4	2.0	0.7853981633974483	2.0	F	-4.335594177246094	-7.215751647949219	8.649245262145996	-3.8257429599761963	3.720601797103882	-2.984031915664673	8.699859619140625	-7.504868030548096
343.046	3.448000000000036	trials	[343.1474333333333, 343.7018, 344.61406666666664, 345.6145666666667]	[1.0, 1.0, 1.0, 1.0]	4	4.0	0.7853981633974483	2.0	R	3.0804812908172607	-0.4340035915374756	-1.751518726348877	0.8512111902236938	6.383917331695557	-1.2814767360687256	3.7976906299591064	3.0149319171905518
347.497	3.968999999999994	trials	[347.59846666666664, 348.8536, 350.0455666666667, 350.83953333333335]	[1.0, 1.0, 1.0, 1.0]	4	4.0	0.7853981633974483	2.0	R	4.056132793426514	-2.810734272003174	-8.296957015991211	-6.9956583976745605	-6.8694987297058105	-2.2037527561187744	-6.676580429077148	-7.200029373168945
352.47	3.8449999999999704	trials	[352.5708333333333, 353.43496666666664, 354.5407333333333, 355.46903333333336]	[1.0, 1.0, 1.0, 1.0]	4	4.0	0.7853981633974483	2.0	R	-1.6852041482925415	-7.493565082550049	2.558901786804199	-4.850164890289307	7.5586838722229	-4.89683198928833	4.906190395355225	-0.6584032773971558
357.319	13.216000000000008	trials	[357.4198666666667, 368.1505333333333, 369.2151666666667, 370.0011333333333]	[1.0, 1.0, 1.0, 1.0]	4	4.0	0.7853981633974483	2.0	R	5.993395805358887	4.221963882446289	-1.9407079219818115	7.726178169250488	-5.667922019958496	4.393330097198486	-4.780733108520508	-0.5273298621177673
371.539	3.6480000000000246	trials	[371.6402, 372.4121, 373.4356333333333, 374.4251]	[1.0, 1.0, 1.0, 1.0]	4	4.0	0.7853981633974483	2.0	R	-4.493747234344482	-5.519086837768555	2.573334217071533	6.004402160644531	-6.554184436798096	3.843395471572876	-0.4595296382904053	5.162716388702393
376.191	3.212000000000046	trials	[376.29173333333335, 377.0406, 378.0451, 378.78593333333333]	[1.0, 1.0, 1.0, 1.0]	4	4.0	0.7853981633974483	2.0	R	-4.353206634521484	2.025954008102417	7.344240665435791	2.160602331161499	1.833105206489563	-5.6732177734375	-2.3056132793426514	-1.4754565954208374
380.407	3.8880000000000337	trials	[NaN, NaN, NaN, NaN]	[NaN, NaN, NaN, NaN]	4				R								
385.298	3.2930000000000064	trials	[385.39936666666665, 386.462, 387.19783333333334, 387.8113666666667]	[1.0, 1.0, 1.0, 1.0]	4	4.0	0.7853981633974483	2.0	R	4.201419353485107	-8.286481857299805	7.640439510345459	-4.6570000648498535	7.943359851837158	0.3338156044483185	5.43997859954834	4.661988735198975
389.595	4.426999999999964	trials	[389.69603333333333, 390.9010333333333, 391.96566666666666, 392.911]	[1.0, 1.0, 1.0, 1.0]	4	4.0	0.7853981633974483	2.0	R	-7.133975982666016	-1.0282843112945557	6.221107482910156	1.98157799243927	2.9077610969543457	5.726139068603516	-8.451687812805176	5.668385028839111
395.025	2.2530000000000427	trials	[395.1265, 395.97363333333334, NaN, NaN]	[1.0, 1.0, NaN, NaN]	4	2.0	0.7853981633974483	2.0	F	-4.280144691467285	2.911895751953125	-7.800278663635254	-5.422653675079346	-3.6400296688079834	-2.649149179458618	-1.3548741340637207	-7.096402645111084
398.281	2.8559999999999945	trials	[398.3826, 399.8342, NaN, NaN]	[1.0, 1.0, NaN, NaN]	4	2.0	0.7853981633974483	2.0	F	-3.181476354598999	-3.507800340652466	-1.494649887084961	7.180459499359131	-5.244456768035889	3.873051404953003	-3.02949857711792	-6.149241924285889
402.141	0.4660000000000082	trials	[402.2422, NaN, NaN, NaN]	[1.0, NaN, NaN, NaN]	4	1.0	0.7853981633974483	2.0	A	-3.3973264694213867	2.5566277503967285	8.767742156982422	-1.9866187572479248	7.848871231079102	3.8372631072998047	6.39022970199585	8.619769096374512
403.611	21.80000000000001	trials	[403.71183333333335, NaN, NaN, NaN]	[1.0, NaN, NaN, NaN]	4	1.0	0.7853981633974483	2.0	A	3.831895351409912	5.792934417724609	-7.49861478805542	1.4837898015975952	-8.30341625213623	-3.451014757156372	-7.456246852874756	-8.378722190856934
426.414	3.833000000000027	trials	[426.51546666666667, 427.6122, 428.6618, 429.61216666666667]	[1.0, 1.0, 1.0, 1.0]	4	4.0	0.7853981633974483	2.0	R	-1.578482747077942	6.959470272064209	7.621437072753906	3.3157873153686523	3.9073355197906494	6.663241863250732	0.10775254666805267	3.4131386280059814
431.25	3.0360000000000014	trials	[431.3514666666667, 431.93193333333335, 432.78003333333334, 433.68626666666665]	[1.0, 1.0, 1.0, 1.0]	4	4.0	0.7853981633974483	2.0	R	-4.068854331970215	0.6643285155296326	-1.6713182926177979	-6.798268795013428	7.245648384094238	-2.8283488750457764	6.151424884796143	2.0504496097564697
435.289	3.105000000000018	trials	[435.3905, 436.1403666666667, 436.76093333333336, 437.6822]	[1.0, 1.0, 1.0, 1.0]	4	4.0	0.7853981633974483	2.0	R	-0.5506300926208496	3.8188021183013916	-4.383413314819336	-0.20123837888240814	5.421993255615234	7.965285778045654	-3.2478721141815186	5.77205228805542
439.397	3.788000000000011	trials	[439.49873333333335, 440.64556666666664, 441.5849, 442.3077]	[1.0, 1.0, 1.0, 1.0]	4	4.0	0.7853981633974483	2.0	R	-7.666452407836914	3.431934356689453	2.873568534851074	2.7898151874542236	1.61495041847229	7.628810882568359	-6.1178131103515625	7.9527668952941895
444.188	2.920000000000016	trials	[444.2896333333333, 444.49213333333336, 445.42543333333333, 446.3357]	[1.0, 1.0, 1.0, 1.0]	4	4.0	0.7853981633974483	2.0	R	-5.013810157775879	3.076172351837158	-1.8244575262069702	7.639950275421143	-3.520641326904297	2.9364449977874756	0.459035187959671	8.839615821838379
448.111	3.4630000000000223	trials	[448.21236666666664, 449.5988, 450.3095666666667, 450.9882666666667]	[1.0, 1.0, 1.0, 1.0]	4	4.0	0.7853981633974483	2.0	R	5.168562412261963	1.0395374298095703	0.5273854732513428	-0.8204299211502075	-3.1429779529571533	-4.215784549713135	1.833170771598816	-3.727989435195923
452.577	3.725999999999999	trials	[452.6784333333333, 453.7471, 454.56413333333336, 455.38216666666665]	[1.0, 1.0, 1.0, 1.0]	4	4.0	0.7853981633974483	2.0	R	-5.758967399597168	-3.087175130844116	-7.760350227355957	-7.66914701461792	-2.8692588806152344	-8.707040786743164	5.657576560974121	-4.953556537628174
457.307	3.3829999999999814	trials	[457.4082, 458.0167, 458.8578, 459.99263333333334]	[1.0, 1.0, 1.0, 1.0]	4	4.0	0.7853981633974483	2.0	R	3.6599361896514893	-0.36995187401771545	7.751192092895508	-3.244256019592285	-1.784667730331421	-2.853104829788208	0.9971747398376465	1.3015735149383545
461.694	4.430000000000007	trials	[461.7951, 463.19256666666666, 464.2602, 465.3409]	[1.0, 1.0, 1.0, 1.0]	4	4.0	0.7853981633974483	2.0	R	4.971715450286865	-8.272120475769043	-0.38511690497398376	-6.70389461517334	-1.2974354028701782	6.864029407501221	-7.39219856262207	5.8196492195129395
467.127	3.0149999999999864	trials	[467.2286, 467.9714333333333, 468.79046666666665, 469.54333333333335]	[1.0, 1.0, 1.0, 1.0]	4	4.0	0.7853981633974483	2.0	R	-3.4948501586914062	2.6874494552612305	-3.624497175216675	-2.3108694553375244	-8.54580307006836	-3.1944663524627686	-3.6374714374542236	-2.2414307594299316
471.145	3.5370000000000346	trials	[471.2465666666667, 472.3463, 473.14526666666666, 473.9091666666667]	[1.0, 1.0, 1.0, 1.0]	4	4.0	0.7853981633974483	2.0	R	4.568231582641602	-1.8620468378067017	3.5525689125061035	3.0337092876434326	2.135676860809326	7.828750133514404	-2.1519317626953125	5.256511688232422
475.686	3.1240000000000236	trials	[475.78683333333333, 476.7552333333333, 477.4870666666667, 478.1286666666667]	[1.0, 1.0, 1.0, 1.0]	4	4.0	0.7853981633974483	2.0	R	0.32619553804397583	0.9138296842575073	-4.562826156616211	-0.133769690990448	-4.858829021453857	-5.125000476837158	-1.3808635473251343	-8.717180252075195
479.814	4.197000000000003	trials	[479.9151, 481.0579333333333, 482.0022666666667, 482.8704333333333]	[1.0, 1.0, 1.0, 1.0]	4	4.0	0.7853981633974483	2.0	R	1.7000737190246582	3.8874399662017822	4.357553482055664	8.122743606567383	0.20104385912418365	5.3436384201049805	4.814633369445801	-4.534222602844238
485.015	3.6580000000000155	trials	[485.116, 486.0754, 487.0909, 488.0513]	[1.0, 1.0, 1.0, 1.0]	4	4.0	0.7853981633974483	2.0	R	3.5279507637023926	0.2973867356777191	8.3256196975708	-1.1105793714523315	3.5039610862731934	0.21290233731269836	2.15397310256958	5.027207374572754
489.676	4.3629999999999995	trials	[489.7776, 491.4898333333333, 492.4432, 493.33843333333334]	[1.0, 1.0, 1.0, 1.0]	4	4.0	0.7853981633974483	2.0	R	2.311746597290039	0.029697230085730553	5.4030842781066895	3.959536075592041	4.927915573120117	8.936905860900879	2.841787576675415	4.3928914070129395
495.043	2.3700000000000045	trials	[495.1439, 496.2486666666667, NaN, NaN]	[1.0, 1.0, NaN, NaN]	4	2.0	0.7853981633974483	2.0	A	-1.6465544700622559	6.596249580383301	1.3238707780838013	2.5742383003234863	-0.1794384866952896	-3.8301687240600586	3.8007090091705322	-6.856457710266113
498.416	3.8980000000000246	trials	[498.5173, 499.611, 500.6536, 501.3784]	[1.0, 1.0, 1.0, 1.0]	4	4.0	0.7853981633974483	2.0	R	1.3302236795425415	7.574234485626221	-5.99097204208374	-0.14738240838050842	-3.6383376121520996	-4.559310436248779	0.33764609694480896	3.1107165813446045
503.317	4.185999999999979	trials	[503.4184666666667, 504.7177, 505.7242, 506.5703]	[1.0, 1.0, 1.0, 1.0]	4	4.0	0.7853981633974483	2.0	R	-0.8524454236030579	7.967020034790039	-3.9209096431732178	4.019295692443848	-7.869786262512207	-3.1507413387298584	-7.3548102378845215	2.976184844970703
508.506	3.687000000000012	trials	[508.6073333333333, 510.01183333333336, 510.83486666666664, 511.5045333333333]	[1.0, 1.0, 1.0, 1.0]	4	4.0	0.7853981633974483	2.0	R	5.701436996459961	-3.7770798206329346	4.595584869384766	1.0990960597991943	0.28119441866874695	-1.4279645681381226	1.9609692096710205	-6.137354850769043
513.197	5.071000000000026	trials	[513.298, 515.7340333333333, 516.7536, 517.5596]	[1.0, 1.0, 1.0, 1.0]	4	4.0	0.7853981633974483	2.0	R	6.2403411865234375	-8.723273277282715	2.324873924255371	-5.613753318786621	7.138881206512451	-6.9648027420043945	7.877457618713379	-2.019653081893921
519.272	2.81899999999996	trials	[519.3731, 519.6096666666666, 520.5329666666667, 521.3429666666667]	[1.0, 1.0, 1.0, 1.0]	4	4.0	0.7853981633974483	2.0	R	3.250234365463257	-0.12523826956748962	-4.498034477233887	2.0600175857543945	-1.2581485509872437	-1.7482808828353882	-5.062112331390381	-7.002309322357178
523.094	1.891999999999939	trials	[523.1955666666667, 523.9394333333333, NaN, NaN]	[1.0, 1.0, NaN, NaN]	4	2.0	0.7853981633974483	2.0	A	-0.6799786686897278	-4.594633102416992	4.236926555633545	-3.68686580657959	4.973733425140381	7.027641296386719	2.023195266723633	2.991018772125244
525.99	4.523000000000025	trials	[526.0907666666667, 527.5714333333333, 528.4857333333333, 529.8270333333334]	[1.0, 1.0, 1.0, 1.0]	4	4.0	0.7853981633974483	2.0	R	7.177529811859131	5.088760852813721	2.260634183883667	5.996579647064209	-6.550370216369629	-1.6245055198669434	-3.488128423690796	-5.5770583152771
531.516	4.032000000000039	trials	[531.6175, 532.9017, 533.9412666666667, 534.7833666666667]	[1.0, 1.0, 1.0, 1.0]	4	4.0	0.7853981633974483	2.0	R	-0.9839507341384888	-1.2493458986282349	8.938551902770996	3.0812065601348877	5.63068151473999	6.8306050300598145	-0.41292884945869446	7.011761665344238
536.552	3.9979999999999336	trials	[536.653, 537.8800333333334, 538.7863, 539.9211333333334]	[1.0, 1.0, 1.0, 1.0]	4	4.0	0.7853981633974483	2.0	R	4.811023712158203	8.737443923950195	1.0296521186828613	5.466170310974121	0.48917099833488464	0.49546822905540466	-1.861582636833191	-3.9174623489379883
541.553	4.162000000000035	trials	[541.6544333333334, 542.9576666666667, 543.6534, 544.6649]	[1.0, 1.0, 1.0, 1.0]	4	4.0	0.7853981633974483	2.0	R	-2.067070960998535	5.1964311599731445	-2.609515905380249	0.2259426862001419	-8.793553352355957	-8.656962394714355	-8.049261093139648	-3.7126693725585938
546.718	3.350999999999999	trials	[546.8192666666666, 547.6944333333333, 548.5154666666666, 549.3746]	[1.0, 1.0, 1.0, 1.0]	4	4.0	0.7853981633974483	2.0	R	-4.877008438110352	-7.577486515045166	-1.6445503234863281	-3.762881278991699	-0.3172702491283417	-8.58349609375	3.5472373962402344	-5.4108662605285645
551.073	4.197999999999979	trials	[551.1740666666667, 552.4763, 553.3244, 554.3068333333333]	[1.0, 1.0, 1.0, 1.0]	4	4.0	0.7853981633974483	2.0	R	-6.302257537841797	-7.246346473693848	-4.523905277252197	-2.573289394378662	4.674621105194092	3.046715021133423	-2.7082340717315674	-0.4563380181789398
556.275	4.25	trials	[556.376, 557.7554, 558.6015, 559.6300666666667]	[1.0, 1.0, 1.0, 1.0]	4	4.0	0.7853981633974483	2.0	R	4.299914360046387	-3.093413829803467	4.981718063354492	7.3939690589904785	-1.9098293781280518	-0.35351744294166565	8.50162410736084	3.263456106185913
561.529	3.52800000000002	trials	[561.6300333333334, 562.824, 563.631, 564.3628333333334]	[1.0, 1.0, 1.0, 1.0]	4	4.0	0.7853981633974483	2.0	R	7.776535987854004	8.210601806640625	3.977005958557129	4.9604363441467285	-0.9775881171226501	4.288128852844238	-5.793048858642578	2.9422688484191895
566.06	4.296000000000049	trials	[566.1613, 567.6149, 568.6575, 569.6399333333334]	[1.0, 1.0, 1.0, 1.0]	4	4.0	0.7853981633974483	2.0	R	-8.8331298828125	-1.0273540019989014	-1.6775314807891846	-4.377318859100342	7.533995151519775	-4.563779354095459	2.8022756576538086	-2.9479730129241943
571.359	4.059999999999945	trials	[NaN, NaN, NaN, NaN]	[NaN, NaN, NaN, NaN]	4				R								
576.423	16.149999999999977	trials	[NaN, NaN, NaN, NaN]	[NaN, NaN, NaN, NaN]	4				R								
593.576	4.015999999999963	trials	[593.6776333333333, 595.1252333333333, 596.0986333333333, 596.9237]	[1.0, 1.0, 1.0, 1.0]	4	4.0	0.7853981633974483	2.0	R	2.6905949115753174	8.848883628845215	-2.3094027042388916	8.853856086730957	-6.5150651931762695	6.149710178375244	-1.8337117433547974	4.393312931060791
598.596	3.625	trials	[598.6971, 599.8369333333334, 600.7191, 601.5191]	[1.0, 1.0, 1.0, 1.0]	4	4.0	0.7853981633974483	2.0	R	2.170783758163452	-0.7319886088371277	5.0337395668029785	-4.831193923950195	0.6047061085700989	-2.5109214782714844	-1.3556889295578003	-7.110579490661621
603.224	3.7450000000000045	trials	[603.3256, 604.4273333333333, 605.5611333333334, 606.3972333333334]	[1.0, 1.0, 1.0, 1.0]	4	4.0	0.7853981633974483	2.0	R	3.33672833442688	-8.837200164794922	7.945202350616455	-0.5176041722297668	5.146602153778076	3.6258046627044678	3.305927038192749	8.274666786193848
607.972	3.8730000000000473	trials	[608.0733666666666, 609.4037, 610.1685666666667, 611.1851]	[1.0, 1.0, 1.0, 1.0]	4	4.0	0.7853981633974483	2.0	R	8.2825927734375	6.158380508422852	4.076746940612793	8.8622407913208	3.644218921661377	3.880983829498291	3.9902939796447754	8.868992805480957
612.848	3.9360000000000355	trials	[612.9495, 613.8116333333334, 614.6336666666666, 615.6361666666667]	[1.0, 1.0, 1.0, 1.0]	4	4.0	0.7853981633974483	2.0	R	2.0986621379852295	4.240631103515625	-2.7425825595855713	2.9906907081604004	-1.7881789207458496	-7.56100606918335	8.017058372497559	-7.543862342834473
617.788	0.6269999999999527	trials	[617.8887666666667, NaN, NaN, NaN]	[1.0, NaN, NaN, NaN]	4	1.0	0.7853981633974483	2.0	R	3.3023324012756348	-5.879123210906982	4.496274948120117	4.0346221923828125	0.6127216219902039	-2.54488205909729	7.673169136047363	-3.462409257888794
622.17	4.219000000000051	trials	[NaN, NaN, NaN, NaN]	[NaN, NaN, NaN, NaN]	4				R								
627.392	3.505999999999972	trials	[627.4936, 628.5111333333333, 629.4224, 630.2524666666667]	[1.0, 1.0, 1.0, 1.0]	4	4.0	0.7853981633974483	2.0	R	-2.579808473587036	-0.006815620232373476	-4.774929523468018	-4.860215663909912	-0.22953230142593384	-6.943329811096191	3.7533328533172607	-3.9206180572509766
631.902	4.152999999999906	trials	[632.0028, 633.1617, 634.1321, 635.1797]	[1.0, 1.0, 1.0, 1.0]	4	4.0	0.7853981633974483	2.0	R	6.055742263793945	0.5177273750305176	-2.42765212059021	1.0242327451705933	-0.390324205160141	-4.8178253173828125	-6.755893707275391	-3.1955440044403076
637.058	4.124000000000024	trials	[637.1596333333333, 638.0959333333333, 639.2859, 640.134]	[1.0, 1.0, 1.0, 1.0]	4	4.0	0.7853981633974483	2.0	R	-3.535790205001831	1.545842170715332	2.20729923248291	3.4701600074768066	4.9292073249816895	7.664348602294922	5.552272796630859	-4.0830278396606445
642.185	3.5340000000001055	trials	[642.2863666666667, 643.1214333333334, 644.2853333333334, 644.9960666666667]	[1.0, 1.0, 1.0, 1.0]	4	4.0	0.7853981633974483	2.0	R	0.05030076205730438	-4.714410305023193	-1.2937095165252686	0.10156702995300293	-5.248508930206299	3.16090726852417	-0.4994696080684662	5.731147766113281
646.722	3.308999999999969	trials	[646.8236333333333, 648.0336333333333, 648.7754666666667, 649.4381333333333]	[1.0, 1.0, 1.0, 1.0]	4	4.0	0.7853981633974483	2.0	R	-5.230746746063232	7.348249435424805	-5.145954608917236	2.348968505859375	-6.68393087387085	-2.496936321258545	-6.589622497558594	-7.496047019958496
651.034	3.07000000000005	trials	[651.1353333333333, 651.7749333333334, 652.6631333333333, 653.4751333333334]	[1.0, 1.0, 1.0, 1.0]	4	4.0	0.7853981633974483	2.0	R	-3.2766761779785156	-3.751132011413574	-1.2036032676696777	0.7988535761833191	-2.0572938919067383	-4.746592998504639	1.993981957435608	-1.816206693649292
655.107	4.475999999999999	trials	[655.2084333333333, 656.6259666666666, 657.7487666666667, 658.8685333333333]	[1.0, 1.0, 1.0, 1.0]	4	4.0	0.7853981633974483	2.0	R	6.7125773429870605	-3.469947099685669	-4.370411396026611	-1.7684906721115112	5.194917678833008	-8.131156921386719	3.728145122528076	-3.35113787651062
660.587	3.4560000000000173	trials	[660.6880666666667, 661.7998333333334, 662.6429, 663.4058]	[1.0, 1.0, 1.0, 1.0]	4	4.0	0.7853981633974483	2.0	R	7.846900463104248	-0.48554521799087524	4.463599681854248	3.195931911468506	1.4640990495681763	7.1963067054748535	-2.3256099224090576	3.9346954822540283
665.047	3.6569999999999254	trials	[665.1481333333334, 666.4092666666667, 667.3155, 668.0744]	[1.0, 1.0, 1.0, 1.0]	4	4.0	0.7853981633974483	2.0	R	-6.887594699859619	-2.357182741165161	-4.87772798538208	-6.935439586639404	-0.03087405115365982	-5.7074294090271	4.968372821807861	-5.7942094802856445
669.707	4.096000000000004	trials	[669.8087, 671.2583, 672.2157, 673.0798333333333]	[1.0, 1.0, 1.0, 1.0]	4	4.0	0.7853981633974483	2.0	R	-5.892348766326904	-8.392995834350586	-3.575139284133911	-3.962359666824341	-5.126034259796143	-8.715750694274902	-0.6490525603294373	-6.489400386810303
674.806	3.6809999999999263	trials	[674.9073666666667, 676.0181333333334, 677.0136, 677.7965333333333]	[1.0, 1.0, 1.0, 1.0]	4	4.0	0.7853981633974483	2.0	R	4.061897277832031	-4.814004421234131	-0.8503507375717163	-3.8813631534576416	4.145123481750488	-3.668668270111084	5.121286392211914	1.2351164817810059
679.491	4.197000000000003	trials	[NaN, NaN, NaN, NaN]	[NaN, NaN, NaN, NaN]	4				R								
684.692	15.42100000000005	trials	[684.7929333333333, 697.7952333333334, 698.6453333333334, 699.3059666666667]	[1.0, 1.0, 1.0, 1.0]	4	4.0	0.7853981633974483	2.0	R	-3.4296786785125732	3.917351007461548	-7.858369827270508	6.238276481628418	-5.82906436920166	1.668602705001831	-5.160409450531006	-3.2864856719970703
701.116	3.308999999999969	trials	[701.2177333333333, 702.0157, 702.8898666666666, 703.75]	[1.0, 1.0, 1.0, 1.0]	4	4.0	0.7853981633974483	2.0	R	-2.0344903469085693	0.6159020066261292	-0.6558858156204224	-4.190286636352539	5.9437971115112305	-4.648925304412842	1.78171706199646	-1.878169059753418
705.428	4.197999999999979	trials	[705.5294333333334, 706.7033333333334, 707.773, 708.7243666666667]	[1.0, 1.0, 1.0, 1.0]	4	4.0	0.7853981633974483	2.0	R	3.8919646739959717	-6.683572292327881	4.693566799163818	-1.7482472658157349	2.7298598289489746	2.8499975204467773	5.621792793273926	-4.5622968673706055
710.629	3.08299999999997	trials	[710.7303333333333, 711.2326, 712.0867, 713.1072333333333]	[1.0, 1.0, 1.0, 1.0]	4	4.0	0.7853981633974483	2.0	R	-0.07139921188354492	-1.1577374935150146	3.965973377227783	-4.107249736785889	-3.056387186050415	-8.54977798461914	1.925005555152893	-8.118819236755371
714.715	3.963999999999942	trials	[714.8165, 715.7037, 716.5919, 717.5432666666667]	[1.0, 1.0, 1.0, 1.0]	4	4.0	0.7853981633974483	2.0	R	6.261105537414551	-5.629193305969238	-1.2079910039901733	-3.0304956436157227	3.589534044265747	-4.438953399658203	8.739960670471191	-8.738808631896973
719.683	4.053999999999974	trials	[719.7838333333333, 720.8525, 721.9953333333333, 723.0228666666667]	[1.0, 1.0, 1.0, 1.0]	4	4.0	0.7853981633974483	2.0	R	3.751655340194702	-8.397032737731934	8.379264831542969	-6.503563404083252	-2.1852240562438965	-4.228641510009766	1.1561254262924194	-8.634614944458008
724.74	3.1520000000000437	trials	[724.8414, 725.6875, 726.6098, 727.2884666666666]	[1.0, 1.0, 1.0, 1.0]	4	4.0	0.7853981633974483	2.0	R	4.365686893463135	-4.800724506378174	-2.776735305786133	-1.5734446048736572	-1.2197757959365845	-6.324852466583252	2.6664695739746094	-3.178887128829956
728.895	29.224000000000046	trials	[728.9967333333333, 756.1100666666666, 756.897, 757.5927333333333]	[1.0, 1.0, 1.0, 1.0]	4	4.0	0.7853981633974483	2.0	R	-5.431340217590332	2.2136621475219727	-6.956935405731201	-2.5479090213775635	-3.188051462173462	-5.833561897277832	-0.040740981698036194	-1.9484057426452637
759.123	9.660999999999945	trials	[759.2238, 766.2021333333333, 767.0923333333334, 768.0407]	[1.0, 1.0, 1.0, 1.0]	4	4.0	0.7853981633974483	2.0	R	4.703882217407227	-3.5259194374084473	2.9560327529907227	1.2655932903289795	8.824841499328613	3.051443338394165	5.544100284576416	6.824604034423828
769.787	3.63799999999992	trials	[769.8882666666667, 771.0932666666666, 771.8652, 772.8296]	[1.0, 1.0, 1.0, 1.0]	4	4.0	0.7853981633974483	2.0	R	-4.229058265686035	7.373753070831299	0.12180767953395844	4.910023212432861	8.812945365905762	0.6233365535736084	7.962888717651367	8.589251518249512
774.429	3.312000000000012	trials	[774.5298, 775.5684, 776.3543333333333, 777.1212333333333]	[1.0, 1.0, 1.0, 1.0]	4	4.0	0.7853981633974483	2.0	R	3.6636044684902824e-31	4.673413120152909e-35	7.963566477218056e-34	6.089816062909514e-30	3.1545143166173286e-37	3.43664300532207e-37	-8.662632913849441e+30	3.198987270042461e-31
778.744	1.3159999999999172	trials	[778.8455333333334, 779.0480333333334, NaN, NaN]	[1.0, 1.0, NaN, NaN]	4	2.0	0.7853981633974483	2.0	A	-0.8957532644271851	1.41024649143219	-0.5503211617469788	-3.5778069496154785	0.826801598072052	-8.384420394897461	4.06680965423584	-4.576225757598877
781.063	3.8859999999999673	trials	[NaN, NaN, NaN, NaN]	[NaN, NaN, NaN, NaN]	4				R								
785.952	3.784999999999968	trials	[786.0534333333334, 787.0208333333334, 787.7797333333333, 788.7571333333333]	[1.0, 1.0, 1.0, 1.0]	4	4.0	0.7853981633974483	2.0	R	-5.8503289222717285	-0.9252094030380249	-1.5658377408981323	-3.5026376247406006	8.539254188537598	3.075735330581665	-0.7226483821868896	-8.60578727722168
790.74	0.2279999999999518	trials	[790.8413333333333, NaN, NaN, NaN]	[1.0, NaN, NaN, NaN]	4	1.0	0.7853981633974483	2.0	A	0.1002717912197113	-3.6739723682403564	-0.8513193130493164	1.2346400022506714	2.908750534057617	4.530375957489014	-1.8828487396240234	3.101888418197632
791.971	3.4289999999999736	trials	[792.0723666666667, 793.1991666666667, 794.1435333333334, 794.8412666666667]	[1.0, 1.0, 1.0, 1.0]	4	4.0	0.7853981633974483	2.0	R	2.038874864578247	-8.912677764892578	0.005799772683531046	-4.344679355621338	-2.31331729888916	0.08495890349149704	1.7756943702697754	-2.792537212371826
796.403	11.819999999999936	trials	[796.5044, 806.1172666666666, 806.9433, 807.5949333333333]	[1.0, 1.0, 1.0, 1.0]	4	4.0	0.7853981633974483	2.0	R	-7.577788829803467	-3.7926247119903564	-3.5265650749206543	-6.723083019256592	1.3263229131698608	-7.927025318145752	6.16990852355957	-6.68618631362915
809.226	3.2870000000000346	trials	[809.3272333333333, 810.1883666666666, 810.9021333333334, 811.6961333333334]	[1.0, 1.0, 1.0, 1.0]	4	4.0	0.7853981633974483	2.0	R	3.472954511642456	-0.6550175547599792	0.45313310623168945	3.3300392627716064	-6.521933555603027	1.5961196422576904	-0.9471083879470825	4.413452625274658
813.517	3.8179999999999836	trials	[813.6179, 814.8229, 815.7441666666666, 816.5632]	[1.0, 1.0, 1.0, 1.0]	4	4.0	0.7853981633974483	2.0	R	-5.585157871246338	8.148850440979004	-1.882956862449646	0.46339717507362366	-2.0958590507507324	-4.532068252563477	2.2623820304870605	-7.490080833435059
818.339	3.686999999999898	trials	[818.4398666666667, 819.3691666666666, 820.0809333333333, 821.1415666666667]	[1.0, 1.0, 1.0, 1.0]	4	4.0	0.7853981633974483	2.0	R	7.952543258666992	-1.7347266674041748	2.965094804763794	-2.0887820720672607	8.668201446533203	-6.536424160003662	5.872033596038818	-2.3913733959198
823.029	3.5009999999999764	trials	[823.1305333333333, 824.1851333333333, 824.9029333333333, 825.6167]	[1.0, 1.0, 1.0, 1.0]	4	4.0	0.7853981633974483	2.0	R	-4.83752965927124	-4.905034065246582	-0.0029694626573473215	-3.6294848918914795	4.965869426727295	-4.186837196350098	-4.845487594604492	-7.605735778808594
827.533	3.41700000000003	trials	[827.6347, 828.3134, 829.2958333333333, 830.0206333333333]	[1.0, 1.0, 1.0, 1.0]	4	4.0	0.7853981633974483	2.0	R	-2.3991177082061768	-3.2450854778289795	-2.105914831161499	4.536098480224609	-7.460358619689941	5.6118292808532715	3.78946852684021	6.451122760772705
831.953	3.5410000000000537	trials	[832.0547, 833.2346, 833.9343666666666, 834.8857333333333]	[1.0, 1.0, 1.0, 1.0]	4	4.0	0.7853981633974483	2.0	R	7.363142490386963	-3.0633182525634766	7.8348517417907715	1.9143809080123901	4.144456386566162	5.287952423095703	-0.7766273021697998	6.172787666320801
836.498	1.0329999999999018	trials	[836.5989666666667, NaN, NaN, NaN]	[1.0, NaN, NaN, NaN]	4	1.0	0.7853981633974483	2.0	A	1.6617985963821411	1.8076900243759155	7.884794235229492	8.869142532348633	5.566591262817383	4.439025402069092	0.5988059043884277	5.0056915283203125
838.535	3.9189999999999827	trials	[NaN, NaN, NaN, NaN]	[NaN, NaN, NaN, NaN]	4				R								
843.457	3.7939999999999827	trials	[843.5582666666667, 844.5697666666666, 845.4178666666667, 846.2489333333333]	[1.0, 1.0, 1.0, 1.0]	4	4.0	0.7853981633974483	2.0	R	-1.8522872924804688	-7.718984603881836	1.100158452987671	-3.6837565898895264	4.46863317489624	-7.378804683685303	7.247315883636475	-3.222012758255005
848.255	3.625	trials	[848.3561666666667, 849.2604333333334, 850.1626666666667, 850.9877]	[1.0, 1.0, 1.0, 1.0]	4	4.0	0.7853981633974483	2.0	R	3.3126327991485596	-0.1368437111377716	6.452200889587402	-6.6413469314575195	8.939186096191406	-1.1556717157363892	7.058635711669922	4.041698455810547
852.883	3.8999999999999773	trials	[852.9846666666666, 854.0002, 854.7470333333333, 855.4788666666667]	[1.0, 1.0, 1.0, 1.0]	4	4.0	0.7853981633974483	2.0	F	7.620946884155273	-1.0454117059707642	7.52838659286499	3.9537315368652344	6.3798747062683105	8.820035934448242	-6.912258148193359	8.33810043334961
857.787	3.7339999999999236	trials	[857.8878333333333, 858.9374666666666, 859.9339333333334, 860.5965666666667]	[1.0, 1.0, 1.0, 1.0]	4	4.0	0.7853981633974483	2.0	R	-3.2221474647521973	4.9642181396484375	-7.416475296020508	2.2425246238708496	-7.321476936340332	-2.756572961807251	2.232943296432495	-5.72981071472168
862.524	2.995999999999981	trials	[862.6256, 863.4657, 864.2957666666666, 864.9694333333333]	[1.0, 1.0, 1.0, 1.0]	4	4.0	0.7853981633974483	2.0	R	2.8530383110046387	-0.7372633218765259	7.739556312561035	0.32195401191711426	7.805815696716309	5.321515083312988	3.5002636909484863	2.7794251441955566
866.523	2.7110000000000127	trials	[866.6245333333334, 867.3473333333334, 868.6104666666666, NaN]	[1.0, 1.0, 1.0, NaN]	4	3.0	0.7853981633974483	2.0	A	0.736512303352356	-1.3873094320297241	8.1766939163208	2.1155738830566406	5.36137580871582	6.247641563415527	0.8543506860733032	4.082756519317627
870.238	3.384999999999991	trials	[870.3387666666666, 871.1698333333334, 872.0069, 872.6425]	[1.0, 1.0, 1.0, 1.0]	4	4.0	0.7853981633974483	2.0	R	0.561704158782959	7.648767471313477	-4.188286304473877	6.087489604949951	-5.661429405212402	1.3094302415847778	-3.9063773155212402	-8.786715507507324
874.626	1.0310000000000628	trials	[874.7276666666667, NaN, NaN, NaN]	[1.0, NaN, NaN, NaN]	4	1.0	0.7853981633974483	2.0	A	-1.6733735799789429	0.10625819861888885	2.832613945007324	4.483679294586182	-2.067218065261841	5.479494094848633	-6.193615436553955	8.303116798400879
876.66	3.997000000000071	trials	[876.7617333333334, 877.8544333333333, 879.1045333333333, 879.7361]	[1.0, 1.0, 1.0, 1.0]	4	4.0	0.7853981633974483	2.0	R	5.235887050628662	-2.019277334213257	0.6852158308029175	8.57477855682373	-2.0486555099487305	3.3448143005371094	-3.5462722778320312	8.115259170532227
881.661	3.427000000000021	trials	[881.7621333333333, 882.8328, 883.7390666666666, 884.5711333333334]	[1.0, 1.0, 1.0, 1.0]	4	4.0	0.7853981633974483	2.0	R	-7.859531402587891	5.586267948150635	-1.0280401706695557	5.574189186096191	-5.914812088012695	4.516144275665283	-8.789799690246582	0.42536842823028564
886.092	5.017000000000053	trials	[NaN, NaN, NaN, NaN]	[NaN, NaN, NaN, NaN]	4				R								
892.113	3.3869999999999436	trials	[892.2141, 893.1374, 894.1358666666666, 894.9027666666667]	[1.0, 1.0, 1.0, 1.0]	4	4.0	0.7853981633974483	2.0	R	-8.23245906829834	1.3945558071136475	-0.3541584014892578	-0.03972066566348076	-5.875312805175781	3.170321226119995	-5.516170978546143	-1.8167637586593628
896.504	3.72199999999998	trials	[896.605, 898.1428333333333, 898.9217666666667, NaN]	[1.0, 1.0, 1.0, NaN]	4	3.0	0.7853981633974483	2.0	F	3.6737160682678223	4.4963483810424805	-1.318448543548584	4.21653938293457	-6.912846088409424	7.591594696044922	-3.2982065677642822	4.136977672576904
901.23	4.126999999999953	trials	[901.3307333333333, 902.3432666666666, 903.2104, 904.1537666666667]	[1.0, 1.0, 1.0, 1.0]	4	4.0	0.7853981633974483	2.0	R	-6.8073859214782715	2.5927071571350098	-2.8241798877716064	-0.42955532670021057	2.657994508743286	-1.9482349157333374	8.198116302490234	6.6818084716796875
906.36	1.0570000000000164	trials	[906.4615, NaN, NaN, NaN]	[1.0, NaN, NaN, NaN]	4	1.0	0.7853981633974483	2.0	A	-4.260229110717773	2.2377328872680664	-8.986968040466309	3.8680527210235596	-5.925381183624268	-0.08500748872756958	0.20122751593589783	-6.843281269073486
908.42	4.002000000000066	trials	[908.5216, 909.5190666666666, 910.6278333333333, 911.3326]	[1.0, 1.0, 1.0, 1.0]	4	4.0	0.7853981633974483	2.0	R	2.315931558609009	1.3828160762786865	6.443225860595703	4.205127716064453	2.7135350704193115	7.535203456878662	6.884089469909668	-6.134665012359619
913.426	3.2719999999999345	trials	[913.5270333333333, 914.317, 915.121, 915.9600666666666]	[1.0, 1.0, 1.0, 1.0]	4	4.0	0.7853981633974483	2.0	R	3.973327159881592	-2.0692670345306396	8.909368515014648	-2.866448163986206	5.309206962585449	2.105038642883301	1.0819402933120728	-0.5652076601982117
917.701	3.4120000000000346	trials	[917.8026666666667, 918.8733, 919.6021333333333, 920.3900666666667]	[1.0, 1.0, 1.0, 1.0]	4	4.0	0.7853981633974483	2.0	R	-6.3953752517700195	-2.299825429916382	-2.365859031677246	0.6604105830192566	-4.21470832824707	5.306027412414551	0.7533759474754333	5.870067119598389
922.116	5.278999999999996	trials	[922.2176333333333, 924.4221, 925.7453666666667, 926.5153]	[1.0, 1.0, 1.0, 1.0]	4	4.0	0.7853981633974483	2.0	R	2.0848424434661865	1.0506068468093872	-5.096271991729736	-6.212094783782959	-0.8532193899154663	-8.857185363769531	4.109317302703857	-1.67656409740448
928.399	4.437000000000012	trials	[928.5002333333333, 930.3388, 931.3412666666667, 932.1673333333333]	[1.0, 1.0, 1.0, 1.0]	4	4.0	0.7853981633974483	2.0	R	-0.8883539438247681	-1.8291569948196411	-3.4257569313049316	6.3015336990356445	-1.3956784009933472	-0.5096550583839417	3.7861599922180176	-2.340190887451172
933.839	3.697999999999979	trials	[933.9407333333334, 935.0565, 935.8504666666666, 936.7968333333333]	[1.0, 1.0, 1.0, 1.0]	4	4.0	0.7853981633974483	2.0	R	6.33565616607666	1.9609798192977905	7.448871612548828	6.835479736328125	3.9896187782287598	3.225276231765747	1.4086108207702637	-6.98560905456543
938.54	3.6539999999999964	trials	[938.6414, 939.7922666666667, 940.5792333333334, 941.4333333333333]	[1.0, 1.0, 1.0, 1.0]	4	4.0	0.7853981633974483	2.0	R	6.376749038696289	-7.5491719245910645	1.359174370765686	-8.79527473449707	-4.269382476806641	-3.982063055038452	-1.4608495235443115	5.1092329025268555
943.198	3.341000000000008	trials	[943.2989666666666, 944.5420666666666, 945.2358, NaN]	[1.0, 1.0, 1.0, NaN]	4	3.0	0.7853981633974483	2.0	F	-6.267322540283203	6.486845970153809	-4.190929889678955	1.9383745193481445	-8.859610557556152	8.714383125305176	-4.879279613494873	5.641005039215088
947.543	3.566000000000031	trials	[947.6437666666667, 948.545, 949.7269333333334, 950.5349333333334]	[1.0, 1.0, 1.0, 1.0]	4	4.0	0.7853981633974483	2.0	R	-8.312631607055664	3.744391441345215	-3.2851409912109375	-8.966469764709473	0.9827994108200073	-6.361727714538574	5.901858329772949	-5.465704441070557
952.113	4.369999999999891	trials	[952.2141333333333, 953.372, 954.2892666666667, 955.0902666666667]	[1.0, 1.0, 1.0, 1.0]	4	4.0	0.7853981633974483	2.0	R	3.704172134399414	-0.9745827317237854	-5.374456882476807	-2.79079532623291	-5.913259506225586	-7.761679649353027	-4.48284912109375	2.503887414932251
957.486	5.2000000000000455	trials	[957.5874666666666, 959.7809, 960.618, 961.3829]	[1.0, 1.0, 1.0, 1.0]	4	4.0	0.7853981633974483	2.0	F	-0.6224930286407471	7.211521625518799	-3.839367628097534	3.383765459060669	-2.6137197017669678	-1.4636861085891724	-8.87646198272705	-8.903667449951172
963.69	3.4699999999999136	trials	[NaN, NaN, NaN, NaN]	[NaN, NaN, NaN, NaN]	4				R								
968.164	4.192000000000007	trials	[968.2649666666666, 969.6223666666667, 970.4855, 971.4007666666666]	[1.0, 1.0, 1.0, 1.0]	4	4.0	0.7853981633974483	2.0	R	4.959848880767822	2.3623239994049072	0.3848268687725067	4.379543304443359	3.159397840499878	8.539080619812012	-6.181400775909424	8.864871978759766
973.36	1.6079999999999472	trials	[973.4609, 973.6644, NaN, NaN]	[1.0, 1.0, NaN, NaN]	4	2.0	0.7853981633974483	2.0	F	-4.491236209869385	4.159200191497803	-3.427513360977173	-0.7263391613960266	0.9353743195533752	-3.168717384338379	-7.9550676345825195	3.7541024684906006
975.971	4.527000000000044	trials	[976.0723666666667, 977.3425333333333, 978.3710666666667, 979.4287]	[1.0, 1.0, 1.0, 1.0]	4	4.0	0.7853981633974483	2.0	R	0.7486066818237305	-6.282535552978516	2.5305328369140625	-1.6108402013778687	-3.017890691757202	-8.775444030761719	5.435656547546387	-2.6206493377685547
981.502	4.328000000000088	trials	[981.6031, 983.0597333333334, 984.2226, 984.9865]	[1.0, 1.0, 1.0, 1.0]	4	4.0	0.7853981633974483	2.0	R	6.757645130157471	2.2014193534851074	-7.94540548324585	0.028592845425009727	-3.1716580390930176	-1.4584627151489258	2.6890320777893066	-6.568313121795654
986.833	3.5570000000000164	trials	[986.9343666666666, 987.9218, 988.5704, 989.6851666666666]	[1.0, 1.0, 1.0, 1.0]	4	4.0	0.7853981633974483	2.0	R	5.448967456817627	-2.399049758911133	0.8915795087814331	-4.455798149108887	5.700559616088867	-3.086963415145874	7.191884517669678	1.6854522228240967
991.393	15.919999999999959	trials	[991.4946666666667, 1004.5280333333334, 1005.4924333333333, 1006.3275]	[1.0, 1.0, 1.0, 1.0]	4	4.0	0.7853981633974483	2.0	R	8.71435546875	6.448023319244385	3.714376211166382	6.433432102203369	-1.2462040185928345	5.806820392608643	2.9428417682647705	-5.711856842041016
1008.316	4.634999999999991	trials	[NaN, NaN, NaN, NaN]	[NaN, NaN, NaN, NaN]	4				R								
1013.954	3.7250000000000227	trials	[1014.0557, 1014.7725, 1015.5033, 1016.8757]	[1.0, 1.0, 1.0, 1.0]	4	4.0	0.7853981633974483	2.0	R	1.595231533050537	2.618666887283325	-2.0133724212646484	-0.8422546982765198	6.009537696838379	4.71014404296875	1.1020541191101074	5.667538642883301
1018.682	3.312000000000012	trials	[1018.7834333333333, 1019.7438333333333, 1020.5739, 1021.3418]	[1.0, 1.0, 1.0, 1.0]	4	4.0	0.7853981633974483	2.0	R	-4.303838729858398	2.7004764080047607	-6.562600612640381	-5.440894603729248	-1.5990182161331177	-6.043262958526611	3.3490991592407227	-6.761687755584717
1022.998	3.875	trials	[1023.0991666666666, 1024.7482666666667, 1025.4951333333333, 1026.2139]	[1.0, 1.0, 1.0, 1.0]	4	4.0	0.7853981633974483	2.0	R	-8.691856384277344	-1.0084474086761475	-2.5421462059020996	-0.9964104294776917	-0.9303773045539856	-5.729506969451904	5.767295837402344	-4.377922058105469
1027.876	3.5979999999999563	trials	[1027.9772666666668, 1029.3908, 1030.2258666666667, 1030.9546666666668]	[1.0, 1.0, 1.0, 1.0]	4	4.0	0.7853981633974483	2.0	R	7.537657260894775	0.2981683611869812	2.6283669471740723	1.2462565898895264	2.3614935874938965	7.189378261566162	-0.5607848167419434	3.1322503089904785
1032.477	3.980000000000018	trials	[1032.5787, 1033.7345666666668, 1034.4704, 1035.3706333333334]	[1.0, 1.0, 1.0, 1.0]	4	4.0	0.7853981633974483	2.0	R	4.3741774559021	3.936082601547241	0.07540606707334518	1.3825430870056152	2.182332754135132	5.916951656341553	-7.870071887969971	1.6862517595291138
1037.461	3.2460000000000946	trials	[1037.5621, 1038.4623333333334, 1039.3826, 1040.0623]	[1.0, 1.0, 1.0, 1.0]	4	4.0	0.7853981633974483	2.0	R	-2.518476963043213	2.4939706325531006	-7.502411365509033	6.086912631988525	-5.526349067687988	1.4939639568328857	-4.144545555114746	-3.3113059997558594
1041.71	4.730000000000018	trials	[1041.8116333333332, 1043.7995666666666, 1044.5664666666667, 1045.5208666666667]	[1.0, 1.0, 1.0, 1.0]	4	4.0	0.7853981633974483	2.0	R	1.1668415069580078	-5.26609468460083	5.644295692443848	-3.0406949520111084	3.051389217376709	1.2344467639923096	-7.756394386291504	1.9954315423965454
1047.444	3.9650000000001455	trials	[1047.5448666666666, 1048.4922333333334, 1049.5508666666667, 1050.6846666666668]	[1.0, 1.0, 1.0, 1.0]	4	4.0	0.7853981633974483	2.0	R	-4.218501567840576	-1.5377415418624878	2.1693148612976074	-6.912654876708984	5.022789478302002	-2.8068437576293945	5.835710048675537	2.126629590988159
1052.413	4.901000000000067	trials	[1052.5142333333333, 1054.4149333333332, 1055.6680666666666, 1056.4710333333333]	[1.0, 1.0, 1.0, 1.0]	4	4.0	0.7853981633974483	2.0	R	6.315135478973389	-6.828461647033691	-4.34035062789917	-8.455224990844727	-0.42335349321365356	-5.347631931304932	-0.4231424331665039	-0.34763211011886597
1058.318	3.5979999999999563	trials	[1058.4189, 1059.7722666666666, 1060.3948, 1061.1556666666668]	[1.0, 1.0, 1.0, 1.0]	4	4.0	0.7853981633974483	2.0	R	-7.956681728363037	6.264486312866211	-6.300083160400391	1.5468934774398804	-3.344045400619507	-2.485703706741333	1.6002507209777832	-1.7414348125457764
1062.919	3.8609999999998763	trials	[NaN, NaN, NaN, NaN]	[NaN, NaN, NaN, NaN]	4				R								
1067.783	5.067000000000007	trials	[1067.8844, 1069.338, 1070.7324666666666, 1071.8151666666668]	[1.0, 1.0, 1.0, 1.0]	4	4.0	0.7853981633974483	2.0	R	-1.8749581575393677	2.8141660690307617	1.5496636629104614	-8.860678672790527	3.556116819381714	-4.280924320220947	2.064455032348633	1.9297670125961304
1073.853	3.9349999999999454	trials	[NaN, NaN, NaN, NaN]	[NaN, NaN, NaN, NaN]	4				R								
1078.791	3.633000000000038	trials	[1078.8927333333334, 1079.6636666666666, 1080.7774, 1081.7127333333333]	[1.0, 1.0, 1.0, 1.0]	4	4.0	0.7853981633974483	2.0	R	0.4156845211982727	-4.504335403442383	0.0823841243982315	0.4845432937145233	7.023547172546387	4.293781280517578	3.889908790588379	0.39758944511413574
1083.427	4.435000000000173	trials	[NaN, NaN, NaN, NaN]	[NaN, NaN, NaN, NaN]	4				R								
1088.866	3.990000000000009	trials	[1088.9667666666667, 1090.0574666666666, 1091.1020666666666, 1092.1416333333334]	[1.0, 1.0, 1.0, 1.0]	4	4.0	0.7853981633974483	2.0	R	-0.46505627036094666	-3.273780107498169	4.231256484985352	-4.989777088165283	2.4186878204345703	-0.32988518476486206	-2.5792081356048584	-0.18484291434288025
1093.86	4.45900000000006	trials	[1093.9611666666667, 1095.2453333333333, 1096.4834333333333, 1097.7164666666667]	[1.0, 1.0, 1.0, 1.0]	4	4.0	0.7853981633974483	2.0	R	0.91883784532547	-3.7574715614318848	-8.23305892944336	-7.542144775390625	-7.64933967590332	-1.2154912948608398	-4.577675819396973	-5.160726547241211
1099.322	3.9990000000000236	trials	[NaN, NaN, NaN, NaN]	[NaN, NaN, NaN, NaN]	4				R								
1104.325	3.97199999999998	trials	[1104.4261333333334, 1105.7143333333333, 1106.784, 1107.5198333333333]	[1.0, 1.0, 1.0, 1.0]	4	4.0	0.7853981633974483	2.0	R	4.183415412902832	1.795656681060791	-1.825757622718811	8.674156188964844	-2.8984901905059814	3.7905871868133545	-5.3991827964782715	-6.508550643920898
1109.3	7.663000000000011	trials	[1109.4015, 1113.7503, 1114.7838666666667, 1116.0951333333333]	[1.0, 1.0, 1.0, 1.0]	4	4.0	0.7853981633974483	2.0	R	-3.9566092491149902	-1.7211734056472778	1.0066821575164795	-1.116409420967102	-8.641313552856445	-2.7185933589935303	-6.160604476928711	-7.05980110168457
1117.967	3.6949999999999363	trials	[1118.0680333333332, 1119.1136333333334, 1119.9256333333333, 1120.9963]	[1.0, 1.0, 1.0, 1.0]	4	4.0	0.7853981633974483	2.0	R	-2.144747495651245	2.005192995071411	0.1973194032907486	-2.412353992462158	1.546867847442627	2.402074098587036	-2.9686439037323	0.2549476623535156
